type,fixed acidity,volatile acidity,citric acid,residual sugar,chlorides,free sulfur dioxide,total sulfur dioxide,density,pH,sulphates,alcohol,quality,id
white,7,0.27,0.36,20.7,0.045,45,170,1.001,3,0.45,8.8,6,1
white,6.3,0.3,0.34,1.6,0.049,14,132,0.994,3.3,0.49,9.5,6,2
white,8.1,0.28,0.4,6.9,0.05,30,97,0.9951,3.26,0.44,10.1,6,3
white,7.2,0.23,0.32,8.5,0.058,47,186,0.9956,3.19,0.4,9.9,6,4
white,7.2,0.23,0.32,8.5,0.058,47,186,0.9956,3.19,0.4,9.9,6,5
white,8.1,0.28,0.4,6.9,0.05,30,97,0.9951,3.26,0.44,10.1,6,6
white,6.2,0.32,0.16,7,0.045,30,136,0.9949,3.18,0.47,9.6,6,7
white,7,0.27,0.36,20.7,0.045,45,170,1.001,3,0.45,8.8,6,8
white,6.3,0.3,0.34,1.6,0.049,14,132,0.994,3.3,0.49,9.5,6,9
white,8.1,0.22,0.43,1.5,0.044,28,129,0.9938,3.22,0.45,11,6,10
white,8.1,0.27,0.41,1.45,0.033,11,63,0.9908,2.99,0.56,12,5,11
white,8.6,0.23,0.4,4.2,0.035,17,109,0.9947,3.14,0.53,9.7,5,12
white,7.9,0.18,0.37,1.2,0.04,16,75,0.992,3.18,0.63,10.8,5,13
white,6.6,0.16,0.4,1.5,0.044,48,143,0.9912,3.54,0.52,12.4,7,14
white,8.3,0.42,0.62,19.25,0.04,41,172,1.0002,2.98,0.67,9.7,5,15
white,6.6,0.17,0.38,1.5,0.032,28,112,0.9914,3.25,0.55,11.4,7,16
white,6.3,0.48,0.04,1.1,0.046,30,99,0.9928,3.24,0.36,9.6,6,17
white,,0.66,0.48,1.2,0.029,29,75,0.9892,3.33,0.39,12.8,8,18
white,7.4,0.34,0.42,1.1,0.033,17,171,0.9917,3.12,0.53,11.3,6,19
white,6.5,0.31,0.14,7.5,0.044,34,133,0.9955,3.22,0.5,9.5,5,20
white,6.2,0.66,0.48,1.2,0.029,29,75,0.9892,3.33,0.39,12.8,8,21
white,6.4,0.31,0.38,2.9,0.038,19,102,0.9912,3.17,0.35,11,7,22
white,6.8,0.26,0.42,1.7,0.049,41,122,0.993,3.47,0.48,10.5,8,23
white,7.6,0.67,0.14,1.5,0.074,25,168,0.9937,3.05,0.51,9.3,5,24
white,6.6,0.27,0.41,1.3,0.052,16,142,0.9951,3.42,0.47,10,6,25
white,7,0.25,0.32,9,0.046,56,245,0.9955,3.25,0.5,10.4,6,26
white,6.9,0.24,0.35,1,0.052,35,146,0.993,3.45,0.44,10,6,27
white,7,0.28,0.39,8.7,0.051,32,141,0.9961,3.38,0.53,10.5,6,28
white,7.4,0.27,0.48,1.1,0.047,17,132,0.9914,3.19,0.49,11.6,6,29
white,7.2,0.32,0.36,2,0.033,37,114,0.9906,3.1,0.71,12.3,7,30
white,8.5,0.24,0.39,10.4,0.044,20,142,0.9974,3.2,0.53,10,6,31
white,8.3,0.14,0.34,1.1,0.042,7,47,0.9934,3.47,0.4,10.2,6,32
white,7.4,0.25,0.36,2.05,0.05,31,100,0.992,3.19,0.44,10.8,6,33
white,6.2,0.12,0.34,,0.045,43,117,0.9939,3.42,0.51,9,6,34
white,5.8,0.27,0.2,14.95,0.044,22,179,0.9962,3.37,0.37,10.2,5,35
white,7.3,0.28,0.43,1.7,0.08,21,123,0.9905,3.19,0.42,12.8,5,36
white,6.5,0.39,0.23,5.4,0.051,25,149,0.9934,3.24,0.35,10,5,37
white,7,0.33,0.32,1.2,0.053,38,138,0.9906,3.13,0.28,11.2,6,38
white,7.3,0.24,0.39,17.95,0.057,45,149,0.9999,3.21,0.36,8.6,5,39
white,7.3,0.24,0.39,17.95,0.057,45,149,0.9999,3.21,0.36,8.6,5,40
white,6.7,0.23,0.39,2.5,0.172,63,158,0.9937,3.11,0.36,9.4,6,41
white,6.7,0.24,0.39,2.9,0.173,63,157,0.9937,3.1,0.34,9.4,6,42
white,7,0.31,0.26,7.4,0.069,28,160,0.9954,3.13,0.46,9.8,6,43
white,6.6,0.24,0.27,1.4,0.057,33,152,0.9934,3.22,0.56,9.5,6,44
white,6.7,0.23,0.26,1.4,0.06,33,154,0.9934,3.24,0.56,9.5,6,45
white,7.4,0.18,0.31,1.4,0.058,38,167,0.9931,3.16,0.53,10,7,46
white,6.2,0.45,0.26,4.4,0.063,63,206,0.994,3.27,0.52,9.8,4,47
white,6.2,0.46,0.25,4.4,0.066,62,207,0.9939,3.25,0.52,9.8,5,48
white,7,0.31,0.26,7.4,0.069,28,160,0.9954,3.13,0.46,9.8,6,49
white,6.9,0.19,0.35,5,0.067,32,150,0.995,3.36,0.48,9.8,5,50
white,7.2,0.19,0.31,1.6,0.062,31,173,0.9917,3.35,0.44,11.7,6,51
white,6.6,0.25,0.29,1.1,0.068,39,124,0.9914,3.34,0.58,11,7,52
white,6.2,0.16,0.33,1.1,0.057,21,82,0.991,3.32,0.46,10.9,7,53
white,6.4,0.18,0.35,1,0.045,39,108,0.9911,3.31,0.35,10.9,6,54
white,6.8,0.2,0.59,0.9,0.147,38,132,0.993,,0.38,9.1,6,55
white,6.9,0.25,0.35,1.3,0.039,29,191,0.9908,3.13,0.52,11,6,56
white,7.2,0.21,0.34,11.9,0.043,37,213,0.9962,3.09,0.5,9.6,6,57
white,6,0.19,0.26,12.4,0.048,50,147,0.9972,3.3,0.36,8.9,6,58
white,6.6,0.38,0.15,4.6,0.044,25,78,0.9931,3.11,0.38,10.2,6,59
white,7.4,0.2,0.36,1.2,0.038,44,111,0.9926,3.36,0.34,9.9,6,60
white,6.8,0.22,0.24,4.9,0.092,30,123,0.9951,3.03,0.46,8.6,6,61
white,6,0.19,0.26,12.4,0.048,50,147,0.9972,3.3,0.36,8.9,6,62
white,7,0.47,0.07,1.1,0.035,17,151,0.991,3.02,0.34,10.5,5,63
white,6.6,0.38,0.15,4.6,0.044,25,78,0.9931,3.11,0.38,10.2,6,64
white,7.2,0.24,0.27,1.4,0.038,31,122,0.9927,3.15,0.46,10.3,6,65
white,6.2,0.35,0.03,1.2,0.064,29,120,0.9934,3.22,0.54,9.1,5,66
white,6.4,0.26,0.24,6.4,0.04,27,124,0.9903,3.22,0.49,12.6,7,67
white,6.7,0.25,0.13,1.2,0.041,81,174,0.992,3.14,0.42,9.8,5,68
white,6.7,0.23,0.31,2.1,0.046,30,96,0.9926,3.33,0.64,10.7,8,69
white,7.4,0.24,0.29,10.1,0.05,21,105,0.9962,3.13,0.35,9.5,5,70
white,6.2,0.27,0.43,7.8,0.056,48,244,0.9956,3.1,0.51,9,6,71
white,6.8,0.3,0.23,4.6,0.061,50.5,238.5,0.9958,3.32,0.6,9.5,5,72
white,6,0.27,0.28,4.8,0.063,31,201,0.9964,3.69,0.71,10,5,73
white,8.6,0.23,0.46,1,0.054,9,72,0.9941,2.95,0.49,9.1,6,74
white,6.7,0.23,0.31,2.1,0.046,30,96,0.9926,3.33,0.64,10.7,8,75
white,7.4,0.24,0.29,10.1,0.05,21,105,0.9962,3.13,0.35,9.5,5,76
white,7.1,0.18,0.36,1.4,0.043,31,87,0.9898,3.26,0.37,12.7,7,77
white,7,0.32,0.34,1.3,0.042,20,69,0.9912,3.31,0.65,12,7,78
white,7.4,0.18,0.3,8.8,0.064,26,103,0.9961,2.94,0.56,9.3,5,79
white,6.7,0.54,0.28,5.4,0.06,21,105,0.9949,3.27,0.37,9,5,80
white,6.8,0.22,0.31,1.4,0.053,34,114,0.9929,3.39,0.77,10.6,6,81
white,7.1,0.2,0.34,16,0.05,51,166,0.9985,3.21,0.6,9.2,6,82
white,7.1,0.34,0.2,6.1,0.063,47,164,0.9946,3.17,0.42,10,5,83
white,7.3,0.22,0.3,8.2,0.047,42,207,0.9966,3.33,0.46,9.5,6,84
white,7.1,0.43,0.61,11.8,0.045,54,155,0.9974,3.11,0.45,8.7,5,85
white,7.1,0.44,0.62,11.8,0.044,52,152,0.9975,3.12,0.46,8.7,6,86
white,7.2,,0.63,11,0.044,55,156,0.9974,3.09,0.44,8.7,6,87
white,6.8,0.25,0.31,13.3,0.05,69,202,0.9972,3.22,0.48,9.7,6,88
white,7.1,0.43,0.61,11.8,0.045,54,155,0.9974,3.11,0.45,8.7,5,89
white,7.1,0.44,0.62,11.8,0.044,52,152,0.9975,3.12,0.46,8.7,6,90
white,7.2,0.39,0.63,11,0.044,55,156,0.9974,3.09,0.44,8.7,6,91
white,6.1,0.27,0.43,7.5,0.049,65,243,0.9957,3.12,0.47,9,5,92
white,6.9,0.24,0.33,1.7,0.035,47,136,0.99,3.26,0.4,12.6,7,93
white,6.9,0.21,0.33,1.8,0.034,48,136,0.9899,3.25,0.41,12.6,7,94
white,7.5,0.17,0.32,1.7,0.04,51,148,0.9916,3.21,0.44,11.5,7,95
white,7.1,0.26,0.29,12.4,0.044,62,240,0.9969,3.04,0.42,9.2,6,96
white,6,0.34,0.66,15.9,0.046,26,164,0.9979,3.14,0.5,8.8,6,97
white,8.6,0.265,0.36,1.2,0.034,15,80,0.9913,2.95,0.36,11.4,7,98
white,9.8,0.36,0.46,10.5,,4,83,0.9956,2.89,0.3,10.1,4,99
white,6,0.34,0.66,15.9,0.046,26,164,0.9979,3.14,0.5,8.8,6,100
white,7.4,0.25,0.37,13.5,0.06,52,192,0.9975,3,0.44,9.1,5,101
white,7.1,0.12,0.32,9.6,0.054,64,162,0.9962,3.4,0.41,9.4,5,102
white,6,0.21,0.24,12.1,0.05,55,164,0.997,3.34,0.39,9.4,5,103
white,7.5,0.305,0.4,18.9,0.059,44,170,1,2.99,0.46,9,5,104
white,7.4,0.25,0.37,13.5,0.06,52,192,0.9975,3,0.44,9.1,5,105
white,7.3,0.13,0.32,14.4,0.051,34,109,0.9974,3.2,0.35,9.2,6,106
white,7.1,0.12,0.32,9.6,0.054,64,162,0.9962,3.4,0.41,9.4,5,107
white,7.1,0.23,0.35,16.5,0.04,60,171,0.999,3.16,0.59,9.1,6,108
white,7.1,0.23,0.35,16.5,0.04,60,171,0.999,3.16,0.59,9.1,6,109
white,6.9,0.33,0.28,1.3,0.051,37,187,0.9927,3.27,0.6,10.3,5,110
white,6.5,0.17,0.54,8.5,0.082,64,163,0.9959,2.89,0.39,8.8,6,111
white,7.2,0.27,0.46,18.75,0.052,45,255,1,3.04,0.52,8.9,5,112
white,7.2,0.31,0.5,13.3,0.056,68,195,0.9982,3.01,0.47,9.2,5,113
white,6.7,0.41,0.34,9.2,0.049,29,150,0.9968,3.22,0.51,9.1,5,114
white,6.7,0.41,0.34,9.2,0.049,29,150,0.9968,3.22,0.51,9.1,5,115
white,5.5,0.485,0,1.5,0.065,8,103,0.994,3.63,0.4,9.7,4,116
white,6,0.31,0.24,3.3,0.041,25,143,0.9914,3.31,0.44,11.3,6,117
white,7,0.14,0.4,1.7,0.035,16,85,0.9911,3.19,0.42,11.8,6,118
white,7.2,0.31,0.5,13.3,0.056,68,195,0.9982,3.01,0.47,9.2,5,119
white,7.3,0.32,0.48,13.3,0.06,57,196,0.9982,3.04,0.5,9.2,5,120
white,5.9,0.36,0.04,5.7,0.046,21,87,0.9934,3.22,0.51,10.2,5,121
white,7.8,0.24,0.32,12.2,0.054,42,138,0.9984,3.01,0.54,8.8,5,122
white,7.4,0.16,0.31,6.85,0.059,31,131,0.9952,3.29,0.34,9.7,5,123
white,6.9,0.19,0.28,5,0.058,14,146,0.9952,3.29,0.36,9.1,6,124
white,6.4,0.13,0.47,1.6,0.092,40,158,0.9928,3.21,0.36,9.8,6,125
white,6.7,0.19,0.36,1.1,0.026,63,143,0.9912,3.27,0.48,11,6,126
white,7.4,0.39,0.23,7,0.033,29,126,0.994,3.14,0.42,10.5,5,127
white,6.5,0.24,0.32,7.6,0.038,48,203,0.9958,3.45,0.54,9.7,7,128
white,6.1,0.3,0.56,2.8,0.044,47,179,0.9924,3.3,0.57,10.9,7,129
white,6.1,0.3,0.56,2.7,0.046,46,184,0.9924,3.31,0.57,10.9,6,130
white,5.7,0.26,0.25,10.4,0.02,7,57,0.994,3.39,0.37,10.6,5,131
white,6.5,0.24,0.32,7.6,0.038,48,203,0.9958,3.45,0.54,9.7,7,132
white,6.5,0.425,0.4,13.1,0.038,59,241,0.9979,3.23,0.57,9,5,133
white,6.6,0.24,0.27,15.8,0.035,46,188,0.9982,3.24,0.51,9.2,5,134
white,6.8,0.27,0.22,8.1,0.034,55,203,0.9961,3.19,0.52,8.9,5,135
white,6.7,0.27,0.31,15.7,0.036,44,179,0.9979,3.26,0.56,9.6,5,136
white,8.2,0.23,0.4,1.2,0.027,36,121,0.992,3.12,0.38,10.7,6,137
white,7.1,0.37,0.67,10.5,0.045,49,155,0.9975,3.16,0.44,8.7,5,138
white,6.8,0.19,0.36,1.9,0.035,30,96,0.9917,3.15,0.54,10.8,7,139
white,8.1,0.28,0.39,1.9,0.029,18,79,0.9923,,0.52,11.8,6,140
white,6.3,0.31,0.34,2.2,0.045,20,77,0.9927,3.3,0.43,10.2,5,141
white,7.1,0.37,0.67,10.5,0.045,49,155,0.9975,3.16,0.44,8.7,5,142
white,7.9,0.21,0.4,1.2,0.039,38,107,0.992,3.21,0.54,10.8,6,143
white,8.5,0.21,0.41,4.3,0.036,24,99,0.9947,3.18,0.53,9.7,6,144
white,8.1,0.2,0.4,2,0.037,19,87,0.9921,3.12,0.54,11.2,6,145
white,6.3,0.255,0.37,1.1,0.04,37,114,0.9905,3,0.39,10.9,6,146
white,5.6,0.16,0.27,1.4,0.044,53,168,0.9918,3.28,0.37,10.1,6,147
white,6.4,0.595,0.14,5.2,0.058,15,97,0.9951,3.38,0.36,9,4,148
white,6.3,0.34,0.33,4.6,0.034,19,80,0.9917,3.38,0.58,12,7,149
white,6.9,0.25,0.3,4.1,0.054,23,116,0.994,2.99,0.38,9.4,6,150
white,7.9,0.22,0.38,8,0.043,46,152,0.9934,3.12,0.32,11.5,7,151
white,7.6,0.18,0.46,10.2,0.055,58,135,0.9968,3.14,0.43,9.9,6,152
white,6.9,0.25,0.3,4.1,0.054,23,116,0.994,2.99,0.38,9.4,6,153
white,7.2,0.18,0.41,1.2,0.048,41,97,0.9919,3.14,0.45,10.4,5,154
white,8.2,0.23,0.4,7.5,0.049,12,76,0.9966,3.06,0.84,9.7,6,155
white,7.4,0.24,0.42,14,0.066,48,198,0.9979,2.89,0.42,8.9,6,156
white,7.4,0.24,0.42,14,0.066,48,198,0.9979,2.89,0.42,8.9,6,157
white,6.1,0.32,0.24,1.5,0.036,38,124,0.9898,3.29,0.42,12.4,7,158
white,5.2,0.44,0.04,1.4,0.036,43,119,0.9894,3.36,0.33,12.1,8,159
white,5.2,0.44,0.04,1.4,0.036,43,119,0.9894,3.36,0.33,12.1,8,160
white,6.1,0.32,0.24,1.5,0.036,38,124,0.9898,3.29,0.42,12.4,7,161
white,6.4,0.22,0.56,14.5,0.055,27,159,0.998,2.98,0.4,9.1,5,162
white,6.3,0.36,0.3,4.8,0.049,14,85,0.9932,3.28,0.39,10.6,5,163
white,7.4,0.24,0.42,14,0.066,48,198,0.9979,2.89,0.42,8.9,6,164
white,6.7,0.24,0.35,13.1,0.05,64,205,0.997,3.15,0.5,9.5,5,165
white,7,0.23,0.36,13,0.051,72,177,0.9972,3.16,0.49,9.8,5,166
white,8.4,0.27,0.46,8.7,0.048,39,197,0.9974,3.14,0.59,9.6,6,167
white,6.7,0.46,0.18,2.4,0.034,25,98,0.9896,3.08,0.44,12.6,7,168
white,7.5,0.29,0.31,8.95,0.055,20,151,0.9968,3.08,0.54,9.3,5,169
white,9.8,0.42,0.48,9.85,0.034,5,110,0.9958,2.87,0.29,10,5,170
white,7.1,0.3,0.46,1.5,0.066,29,133,0.9906,3.12,0.54,12.7,6,171
white,7.9,0.19,0.45,1.5,0.045,17,96,0.9917,3.13,0.39,11,6,172
white,7.6,0.48,0.37,0.8,0.037,4,100,0.9902,3.03,0.39,11.4,4,173
white,6.3,0.22,0.43,4.55,0.038,31,130,0.9918,3.35,0.33,11.5,7,174
white,,0.27,0.31,17.7,0.051,33,173,0.999,3.09,0.64,10.2,5,175
white,6.9,0.23,0.4,7.5,0.04,50,151,0.9927,3.11,0.27,11.4,6,176
white,7.2,0.32,0.47,5.1,0.044,19,65,0.991,3.03,0.41,12.6,4,177
white,5.9,0.23,0.3,12.9,0.054,57,170,0.9972,3.28,0.39,9.4,5,178
white,6,0.67,0.07,1.2,0.06,9,108,0.9931,3.11,0.35,8.7,4,179
white,6.4,0.25,0.32,5.5,0.049,41,176,0.995,3.19,0.68,9.2,6,180
white,6.4,0.33,0.31,5.5,0.048,42,173,0.9951,3.19,0.66,9.3,6,181
white,7.1,0.34,0.15,1.2,0.053,61,183,0.9936,3.09,0.43,9.2,5,182
white,6.8,0.28,0.4,22,0.048,48,167,1.001,2.93,0.5,8.7,5,183
white,6.9,0.27,0.4,14,0.05,64,227,0.9979,3.18,0.58,9.6,6,184
white,6.8,0.26,0.56,11.9,0.043,64,226,0.997,3.02,0.63,9.3,5,185
white,6.8,0.29,0.56,11.9,0.043,66,230,0.9972,3.02,0.63,9.3,5,186
white,6.7,0.24,0.41,9.4,0.04,49,166,0.9954,3.12,0.61,9.9,6,187
white,5.9,0.3,0.23,4.2,0.038,42,119,0.9924,3.15,0.5,11,5,188
white,6.8,0.53,0.35,3.8,0.034,26,109,0.9906,3.26,0.57,12.7,8,189
white,6.5,0.28,0.28,8.5,0.047,54,210,0.9962,3.09,0.54,8.9,4,190
white,6.6,0.28,0.28,8.5,0.052,55,211,0.9962,3.09,0.55,8.9,6,191
white,6.8,0.28,0.4,22,0.048,48,167,1.001,2.93,0.5,8.7,5,192
white,6.8,0.28,0.36,8,0.045,28,123,0.9928,3.02,0.37,11.4,6,193
white,6.6,0.15,0.34,5.1,0.055,34,125,0.9942,3.36,0.42,9.6,5,194
white,6.4,0.29,0.44,3.6,0.2,75,181,0.9942,3.02,0.41,9.1,5,195
white,6.4,0.3,0.45,3.5,0.197,76,180,0.9942,3.02,0.39,9.1,6,196
white,6.4,0.29,0.44,3.6,0.197,75,183,0.9942,3.01,0.38,9.1,5,197
white,6.8,0.26,0.24,7.8,0.052,54,214,0.9961,3.13,0.47,8.9,5,198
white,7.1,0.32,0.24,13.1,0.05,52,204,0.998,3.1,0.49,8.8,5,199
white,6.8,0.26,0.24,7.8,0.052,54,214,0.9961,3.13,0.47,8.9,5,200
white,6.8,0.27,0.26,16.1,0.049,55,196,0.9984,3.15,0.5,9.3,5,201
white,7.1,0.32,0.24,13.1,0.05,52,204,0.998,3.1,0.49,8.8,5,202
white,6.9,0.54,0.32,13.2,0.05,53,236,0.9973,3.2,0.5,9.6,5,203
white,6.8,0.26,0.34,13.9,0.034,39,134,0.9949,3.33,0.53,12,6,204
white,5.8,0.28,0.35,2.3,0.053,36,114,0.9924,3.28,0.5,10.2,4,205
white,6.4,0.21,0.5,11.6,0.042,45,153,0.9972,3.15,0.43,8.8,5,206
white,7,0.16,0.32,8.3,0.045,38,126,0.9958,3.21,0.34,9.2,5,207
white,10.2,0.44,0.88,6.2,0.049,20,124,0.9968,2.99,0.51,9.9,4,208
white,6.8,0.57,0.29,2.2,0.04,15,77,0.9938,3.32,0.74,10.2,5,209
white,6.1,0.4,0.31,0.9,0.048,23,170,0.993,3.22,0.77,9.5,6,210
white,5.6,0.245,0.25,9.7,0.032,12,68,0.994,3.31,0.34,10.5,5,211
white,6.8,0.18,0.38,1.4,0.038,35,111,0.9918,3.32,0.59,11.2,7,212
white,7,0.16,0.32,8.3,0.045,38,126,0.9958,3.21,0.34,9.2,5,213
white,6.7,0.13,0.29,5.3,0.051,31,122,0.9944,3.44,0.37,9.7,6,214
white,6.2,0.25,0.25,1.4,0.03,35,105,0.9912,3.3,0.44,11.1,7,215
white,5.8,0.26,0.24,9.2,0.044,55,152,0.9961,3.31,0.38,9.4,5,216
white,7.5,0.27,0.36,7,0.036,45,164,0.9939,3.03,0.33,11,5,217
white,5.8,0.26,0.24,9.2,0.044,55,152,0.9961,3.31,0.38,9.4,5,218
white,5.7,0.28,0.24,17.5,0.044,60,167,0.9989,3.31,0.44,9.4,5,219
white,7.5,0.23,0.36,7,0.036,43,161,0.9938,3.04,0.32,11,5,220
white,7.5,0.27,0.36,7,0.036,45,164,0.9939,3.03,0.33,11,5,221
white,7.2,0.685,0.21,9.5,0.07,33,172,0.9971,3,0.55,9.1,6,222
white,6.2,0.25,0.25,1.4,0.03,35,105,0.9912,3.3,0.44,11.1,7,223
white,6.5,0.19,0.3,0.8,0.043,33,144,0.9936,3.42,0.39,9.1,6,224
white,6.3,0.495,0.22,1.8,0.046,31,140,0.9929,3.39,,10.4,6,225
white,7.1,0.24,0.41,17.8,0.046,39,145,0.9998,3.32,0.39,8.7,5,226
white,6.4,0.17,0.32,2.4,0.048,41,200,0.9938,3.5,0.5,9.7,6,227
white,7.1,0.25,0.32,10.3,0.041,66,272,0.9969,3.17,0.52,9.1,6,228
white,6.4,0.17,0.32,2.4,0.048,41,200,0.9938,3.5,0.5,9.7,6,229
white,7.1,0.24,0.41,17.8,0.046,39,145,0.9998,3.32,0.39,8.7,5,230
white,6.8,0.64,0.08,9.7,0.062,26,142,0.9972,3.37,0.46,8.9,4,231
white,8.3,0.28,0.4,7.8,0.041,38,194,0.9976,3.34,0.51,9.6,6,232
white,8.2,0.27,0.39,7.8,0.039,49,208,0.9976,3.31,0.51,9.5,6,233
white,7.2,0.23,0.38,14.3,0.058,55,194,0.9979,3.09,0.44,9,6,234
white,7.2,0.23,0.38,14.3,0.058,55,194,0.9979,3.09,0.44,9,6,235
white,7.2,0.23,0.38,14.3,0.058,55,194,0.9979,3.09,0.44,9,6,236
white,7.2,0.23,0.38,14.3,0.058,55,194,0.9979,3.09,0.44,9,6,237
white,6.8,0.52,0.32,13.2,0.044,54,221,0.9972,3.27,0.5,9.6,6,238
white,7,0.26,0.59,1.4,0.037,40,120,0.9918,3.34,0.41,11.1,7,239
white,6.2,0.25,0.21,15.55,0.039,28,159,0.9982,3.48,0.64,9.6,6,240
white,7.3,0.32,0.23,13.7,0.05,49,197,0.9985,3.2,0.46,8.7,5,241
white,7.7,0.31,0.26,7.8,0.031,23,90,0.9944,3.13,0.5,10.4,5,242
white,7.1,0.21,0.37,2.4,0.026,23,100,0.9903,3.15,0.38,11.4,7,243
white,6.8,0.24,0.34,2.7,0.047,64.5,218.5,0.9934,3.3,0.58,9.7,6,244
white,6.9,0.4,0.56,11.2,0.043,40,142,0.9975,3.14,0.46,8.7,5,245
white,6.1,0.18,0.36,2,0.038,20,249.5,0.9923,3.37,0.79,11.3,6,246
white,6.8,0.21,0.27,2.1,0.03,26,139,0.99,3.16,0.61,12.6,7,247
white,5.8,0.2,0.27,1.4,0.031,12,77,0.9905,3.25,0.36,10.9,7,248
white,5.6,0.19,0.26,1.4,0.03,12,76,0.9905,3.25,0.37,10.9,7,249
white,,0.41,0.14,10.4,0.037,18,119,0.996,3.38,0.45,10,5,250
white,5.9,0.21,0.28,4.6,0.053,40,199,0.9964,3.72,0.7,10,4,251
white,8.5,0.26,0.21,16.2,0.074,41,197,0.998,3.02,0.5,9.8,3,252
white,6.9,0.4,0.56,11.2,0.043,40,142,0.9975,3.14,0.46,8.7,5,253
white,5.8,0.24,0.44,3.5,0.029,5,109,0.9913,3.53,0.43,11.7,3,254
white,5.8,0.24,0.39,1.5,0.054,37,158,0.9932,3.21,0.52,9.3,6,255
white,6.7,0.26,0.39,1.1,0.04,45,147,0.9935,3.32,0.58,9.6,8,256
white,6.3,0.35,0.3,5.7,0.035,8,97,0.9927,3.27,0.41,11,7,257
white,6.3,0.35,0.3,5.7,0.035,8,97,0.9927,3.27,0.41,11,7,258
white,6.4,0.23,0.39,1.8,0.032,23,118,0.9912,3.32,0.5,11.8,6,259
white,5.8,0.36,0.38,0.9,0.037,3,75,0.9904,3.28,0.34,11.4,4,260
white,6.9,0.115,0.35,5.4,0.048,36,108,0.9939,3.32,0.42,10.2,6,261
white,6.9,0.29,0.4,19.45,0.043,36,156,0.9996,2.93,0.47,8.9,5,262
white,6.9,0.28,0.4,8.2,0.036,15,95,0.9944,3.17,0.33,10.2,5,263
white,7.2,0.29,0.4,13.6,0.045,66,231,0.9977,3.08,0.59,9.6,6,264
white,6.2,0.24,0.35,1.2,0.038,22,167,0.9912,3.1,0.48,10.6,6,265
white,6.9,0.29,0.4,19.45,0.043,36,156,0.9996,2.93,0.47,8.9,5,266
white,6.9,0.32,0.26,8.3,0.053,32,180,0.9965,3.25,0.51,9.2,6,267
white,,0.58,0.07,6.9,0.043,34,149,0.9944,3.34,0.57,9.7,5,268
white,5.3,0.585,,7.1,0.044,34,145,0.9945,3.34,0.57,9.7,6,269
white,5.4,0.59,0.07,7,0.045,36,147,0.9944,3.34,0.57,9.7,6,270
white,6.9,0.32,0.26,8.3,0.053,32,180,0.9965,3.25,0.51,9.2,6,271
white,5.2,0.6,0.07,7,0.044,33,147,0.9944,3.33,0.58,9.7,5,272
white,5.8,0.25,0.26,13.1,0.051,44,148,0.9972,3.29,0.38,9.3,5,273
white,6.6,0.58,0.3,5.1,0.057,30,123,0.9949,3.24,0.38,9,5,274
white,7,0.29,0.54,10.7,0.046,59,234,0.9966,3.05,0.61,9.5,5,275
white,6.6,0.19,0.41,8.9,0.046,51,169,0.9954,3.14,0.57,9.8,6,276
white,6.7,0.2,0.41,9.1,0.044,50,166,0.9954,3.14,0.58,9.8,6,277
white,7.7,0.26,0.4,1.1,0.042,9,60,0.9915,2.89,0.5,10.6,5,278
white,6.8,0.32,0.34,1.2,0.044,14,67,0.9919,3.05,0.47,10.6,4,279
white,7,0.3,0.49,4.7,0.036,17,105,0.9916,3.26,0.68,12.4,7,280
white,7,0.24,0.36,2.8,0.034,22,112,0.99,3.19,0.38,12.6,8,281
white,6.1,0.31,0.58,5,0.039,36,114,0.9909,3.3,0.6,12.3,8,282
white,6.8,0.44,0.37,5.1,0.047,46,201,0.9938,3.08,0.65,10.5,4,283
white,6.7,0.34,0.3,15.6,0.054,51,196,0.9982,3.19,0.49,9.3,5,284
white,7.1,0.35,0.24,15.4,0.055,46,198,0.9988,3.12,0.49,8.8,5,285
white,7.3,0.32,0.25,7.2,0.056,47,180,0.9961,3.08,0.47,8.8,5,286
white,6.5,0.28,0.33,15.7,0.053,51,190,0.9978,3.22,0.51,9.7,6,287
white,7.2,0.23,0.39,14.2,0.058,49,192,0.9979,2.98,0.48,9,7,288
white,7.2,0.23,0.39,14.2,0.058,49,192,0.9979,2.98,0.48,9,7,289
white,7.2,0.23,0.39,14.2,0.058,49,192,0.9979,2.98,0.48,9,7,290
white,7.2,0.23,0.39,14.2,0.058,49,192,0.9979,2.98,0.48,9,7,291
white,5.9,0.15,0.31,5.8,0.041,53,155,0.9945,3.52,0.46,10.5,6,292
white,7.4,0.28,0.42,19.8,0.066,53,195,1,2.96,0.44,9.1,5,293
white,6.2,0.28,0.22,7.3,0.041,26,157,0.9957,3.44,0.64,9.8,7,294
white,9.1,0.59,0.38,1.6,0.066,34,182,0.9968,3.23,0.38,8.5,3,295
white,6.3,0.33,0.27,1.2,0.046,34,175,0.9934,3.37,0.54,9.4,6,296
white,8.3,0.39,0.7,10.6,0.045,33,169,0.9976,3.09,0.57,9.4,5,297
white,7.2,0.19,0.46,3.8,0.041,82,187,0.9932,3.19,0.6,11.2,7,298
white,7.5,0.17,0.44,11.3,0.046,65,146,0.997,3.17,0.45,10,6,299
white,6.7,0.17,0.5,2.1,0.043,27,122,0.9923,3.15,0.45,10.3,6,300
white,6.1,0.41,0,1.6,0.063,36,87,0.9914,3.27,0.67,10.8,6,301
white,8.3,0.2,0.35,0.9,0.05,12,74,0.992,3.13,0.38,10.5,6,302
white,6.1,0.41,0,1.6,0.063,36,87,0.9914,3.27,0.67,10.8,6,303
white,6,0.29,0.21,1.3,0.055,42,168,0.9914,3.32,0.43,11.1,6,304
white,7.3,0.41,0.24,6.8,0.057,41,163,0.9949,3.2,0.41,9.9,6,305
white,7.3,0.41,0.24,6.8,0.057,41,163,0.9949,3.2,0.41,9.9,6,306
white,7.2,0.43,0.24,6.7,0.058,40,163,0.995,3.2,0.41,9.9,5,307
white,7.3,0.4,0.24,6.7,0.058,41,166,0.995,3.2,0.41,9.9,6,308
white,6.2,0.33,0.27,4.9,0.036,30,134,0.9927,3.2,0.42,10.4,7,309
white,6.2,0.31,0.26,4.8,0.037,36,148,0.9928,3.21,0.41,10.4,6,310
white,6.1,0.36,0.27,2.1,0.035,16,100,0.9917,3.4,0.71,11.5,7,311
white,5,0.55,0.14,8.3,0.032,35,164,0.9918,3.53,0.51,12.5,8,312
white,7.8,0.25,0.41,3.7,0.042,37,149,0.9954,3.36,0.45,10,6,313
white,5.7,0.36,0.21,6.7,0.038,51,166,0.9941,3.29,0.63,10,6,314
white,5.8,0.34,0.21,6.6,0.04,50,167,0.9941,3.29,0.62,10,5,315
white,6.8,0.28,0.6,1.1,0.132,42,127,0.9934,3.09,0.44,9.1,6,316
white,6.8,0.25,0.34,4.7,0.031,34,134,0.9927,3.21,0.38,10.6,6,317
white,6.6,0.24,0.35,7.7,0.031,36,135,0.9938,3.19,0.37,10.5,5,318
white,5.9,0.3,0.47,7.85,0.03,19,133,0.9933,3.52,0.43,11.5,7,319
white,6.1,0.125,0.25,3.3,0.04,10,69,0.9934,3.54,0.59,10.1,6,320
white,6,0.1,0.24,1.1,0.041,15,65,0.9927,3.61,0.61,10.3,7,321
white,6.6,0.24,0.35,7.7,0.031,36,135,0.9938,3.19,0.37,10.5,5,322
white,6.8,0.25,0.34,4.7,0.031,34,134,0.9927,3.21,0.38,10.6,6,323
white,6.8,0.28,0.44,9.3,0.031,35,137,0.9946,3.16,0.36,10.4,6,324
white,8.3,0.41,0.51,2,0.046,11,207,0.993,3.02,0.55,11.4,5,325
white,7.5,0.27,0.31,5.8,0.057,131,313,0.9946,3.18,0.59,10.5,5,326
white,7.9,0.26,0.41,15.15,0.04,38,216,0.9976,2.96,0.6,10,6,327
white,6.4,0.34,0.23,6.3,0.039,37,143,0.9944,3.19,0.65,10,6,328
white,6.5,0.28,0.35,15.4,0.042,55,195,0.9978,3.23,0.5,9.6,6,329
white,7.2,0.21,0.41,1.3,0.036,33,85,0.992,3.17,0.51,10.4,5,330
white,6.4,0.32,0.35,4.8,0.03,34,101,0.9912,3.36,0.6,12.5,8,331
white,6.8,0.24,0.34,4.6,0.032,37,135,0.9927,3.2,0.39,10.6,5,332
white,6.3,0.23,0.3,1.8,0.033,16,91,0.9906,3.28,0.4,11.8,6,333
white,6.5,0.28,0.34,9.9,0.038,30,133,0.9954,3.11,0.44,9.8,5,334
white,5.6,0.26,0.26,5.7,0.031,12,80,0.9923,3.25,0.38,10.8,5,335
white,6.3,0.23,0.3,1.8,0.033,16,91,0.9906,3.28,0.4,11.8,6,336
white,6.3,0.23,0.33,1.5,0.036,15,105,0.991,3.32,0.42,11.2,6,337
white,5.8,0.27,0.27,12.3,0.045,55,170,0.9972,3.28,0.42,9.3,6,338
white,5.9,0.26,0.4,1.3,0.047,12,139,0.9945,3.45,0.53,10.4,5,339
white,6.6,0.18,0.35,1.5,0.049,49,141,0.9934,3.43,0.85,10.2,7,340
white,7.4,0.2,0.43,7.8,0.045,27,153,0.9964,3.19,0.55,9,7,341
white,8,0.24,0.36,1.5,0.047,17,129,0.9948,3.2,0.54,10,6,342
white,6.4,0.26,0.42,9.7,0.044,30,140,0.9962,3.18,0.47,9.1,6,343
white,5.4,0.31,0.47,3,0.053,46,144,0.9931,3.29,0.76,10,5,344
white,5.4,0.29,0.47,3,0.052,47,145,0.993,3.29,0.75,10,6,345
white,7.1,0.145,0.33,4.6,0.05,33,131,0.9942,3.28,0.4,9.6,6,346
white,5.6,0.34,0.1,1.3,0.031,20,68,0.9906,3.36,0.51,11.2,7,347
white,6.7,0.19,0.41,15.6,0.056,75,155,0.9995,3.2,0.44,8.8,6,348
white,7.8,0.18,0.46,13.6,0.052,38,118,0.998,3.15,0.5,10,6,349
white,7.6,0.17,0.45,11.2,0.054,56,137,0.997,3.15,0.47,10,5,350
white,6.3,0.12,0.36,2.1,0.044,47,146,0.9914,3.27,0.74,11.4,7,351
white,7.3,0.33,0.4,6.85,0.038,32,138,0.992,3.03,0.3,11.9,7,352
white,5.5,0.335,0.3,2.5,0.071,27,128,0.9924,3.14,0.51,9.6,6,353
white,7.3,0.33,0.4,6.85,0.038,32,138,0.992,3.03,0.3,11.9,7,354
white,5.8,0.4,0.42,4.4,0.047,38.5,245,0.9937,3.25,0.57,9.6,6,355
white,7.3,0.22,0.37,14.3,0.063,48,191,0.9978,2.89,0.38,9,6,356
white,7.3,0.22,0.37,14.3,0.063,48,191,0.9978,2.89,0.38,9,6,357
white,6.1,0.36,0.33,1.1,0.05,24,169,0.9927,3.15,0.78,9.5,6,358
white,10,0.2,0.39,1.4,0.05,19,152,0.994,3,0.42,10.4,6,359
white,6.9,0.24,0.34,4.7,0.04,43,161,0.9935,3.2,0.59,10.6,6,360
white,6.4,0.24,0.32,14.9,0.047,54,162,0.9968,3.28,0.5,10.2,6,361
white,7.1,0.365,0.14,1.2,0.055,24,84,0.9941,3.15,0.43,8.9,5,362
white,6.8,0.15,0.3,5.3,0.05,40,127,0.9942,3.4,0.39,9.7,6,363
white,7.3,0.22,0.37,14.3,0.063,48,191,0.9978,2.89,0.38,9,6,364
white,6.8,0.16,0.4,2.3,0.037,18,102,0.9923,3.49,0.42,11.4,7,365
white,6,0.26,0.32,3.5,0.028,29,113,0.9912,3.4,0.71,12.3,7,366
white,6,0.18,0.27,1.5,0.089,40,143,0.9923,3.49,0.62,10.8,6,367
white,6.9,0.33,0.21,1,0.053,39,148,0.9927,3.12,0.45,9.4,6,368
white,,0.29,0.48,2.3,0.049,36,178,0.9931,3.17,0.64,10.6,6,369
white,7.1,0.39,0.35,12.5,0.044,26,72,0.9941,3.17,0.29,11.6,5,370
white,6.9,0.33,0.21,1,0.053,39,148,0.9927,3.12,0.45,9.4,6,371
white,7.7,0.29,0.48,2.3,0.049,36,178,0.9931,3.17,0.64,10.6,6,372
white,6.6,0.905,0.19,0.8,0.048,17,204,0.9934,3.34,0.56,10,5,373
white,7.2,0.27,0.27,2.4,0.048,30,149,0.9936,3.1,0.51,9.2,6,374
white,5.1,0.33,0.22,1.6,0.027,18,89,0.9893,3.51,0.38,12.5,7,375
white,5.1,0.33,0.22,1.6,0.027,18,89,0.9893,3.51,0.38,12.5,7,376
white,6.4,0.31,0.28,1.5,0.037,12,119,0.9919,3.32,0.51,10.4,7,377
white,7.3,0.2,0.44,1.4,0.045,21,98,0.9924,3.15,0.46,10,7,378
white,5.7,0.32,0.5,2.6,0.049,17,155,0.9927,3.22,0.64,10,6,379
white,6.4,0.31,0.28,1.5,0.037,12,119,0.9919,3.32,0.51,10.4,7,380
white,7.3,0.2,0.44,1.4,0.045,21,98,0.9924,3.15,0.46,10,7,381
white,7.2,0.28,0.26,12.5,0.046,48,179,0.9975,3.1,0.52,9,6,382
white,7.5,0.35,0.28,9.6,0.051,26,157,0.9969,3.12,0.53,9.2,6,383
white,7.2,0.27,0.27,2.4,0.048,30,149,0.9936,3.1,0.51,9.2,6,384
white,6,0.36,0.39,3.2,0.027,20,125,0.991,3.38,0.39,11.3,7,385
white,5.1,0.33,0.22,1.6,0.027,18,89,0.9893,3.51,0.38,12.5,7,386
white,5,0.17,0.56,1.5,0.026,24,115,0.9906,3.48,0.39,10.8,7,387
white,6.3,0.39,0.35,5.9,0.04,82.5,260,0.9941,3.12,0.66,10.1,5,388
white,6.7,0.21,0.32,5.4,0.047,29,140,0.995,3.39,0.46,9.7,6,389
white,7,0.3,0.38,14.9,0.032,60,181,0.9983,3.18,0.61,9.3,7,390
white,7,0.3,0.38,14.9,0.032,60,181,0.9983,3.18,0.61,9.3,7,391
white,6.5,0.36,0.32,1.1,0.031,13,66,0.9916,3.1,0.46,10.6,5,392
white,6.1,0.55,0.15,9.8,0.031,19,125,0.9957,3.36,0.47,10.2,6,393
white,7.3,0.24,0.43,2,0.021,20,69,0.99,3.08,0.56,12.2,6,394
white,6.8,0.37,0.51,11.8,0.044,62,163,0.9976,3.19,0.44,8.8,5,395
white,6.8,0.27,0.12,1.3,0.04,87,168,0.992,3.18,0.41,10,5,396
white,8.2,0.28,0.42,1.8,0.031,30,93,0.9917,3.09,0.39,11.4,5,397
white,6.3,0.2,0.4,1.5,0.037,35,107,0.9917,3.46,0.5,11.4,6,398
white,5.9,0.26,0.27,18.2,0.048,52,168,0.9993,3.35,0.44,9.4,5,399
white,6.4,0.19,0.42,2.9,0.032,32,83,0.9908,3.3,0.41,11.7,6,400
white,6.3,0.2,0.4,1.5,0.037,35,107,0.9917,3.46,0.5,11.4,6,401
white,6.8,0.37,0.51,11.8,0.044,62,163,0.9976,3.19,0.44,8.8,5,402
white,6.1,0.35,0.07,1.4,0.069,22,108,0.9934,3.23,0.52,9.2,5,403
white,7.1,0.27,0.31,18.2,0.046,55,252,1,3.07,0.56,8.7,5,404
white,6.8,0.22,0.31,6.3,0.035,33,170,0.9918,3.24,0.66,12.6,6,405
white,6.8,0.27,0.12,1.3,0.04,87,168,0.992,3.18,0.41,10,5,406
white,5.8,0.28,0.34,4,0.031,40,99,0.9896,3.39,0.39,12.8,7,407
white,6.9,0.49,0.24,1.2,0.049,13,125,0.9932,3.17,0.51,9.4,5,408
white,6.3,0.14,0.39,1.2,0.044,26,116,0.992,3.26,0.53,10.3,6,409
white,8.2,0.28,0.42,1.8,0.031,30,93,0.9917,3.09,0.39,11.4,5,410
white,7.2,0.25,0.39,18.95,0.038,42,155,0.9999,2.97,0.47,9,6,411
white,7.3,0.28,0.36,12.7,0.04,38,140,0.998,3.3,0.79,9.6,6,412
white,7.2,0.19,0.39,1.2,0.036,32,85,0.9918,3.16,0.5,10.5,5,413
white,7.2,0.19,0.39,1.2,0.036,32,85,0.9918,3.16,0.5,10.5,5,414
white,7.2,0.25,0.39,18.95,0.038,42,155,0.9999,2.97,0.47,9,6,415
white,7.3,0.28,0.36,12.7,0.04,38,140,0.998,3.3,0.79,9.6,6,416
white,7.4,0.21,0.27,1.2,0.041,27,99,0.9927,3.19,0.33,9.8,6,417
white,6.8,0.26,0.22,7.7,0.047,57,210,0.9959,3.1,0.47,9,5,418
white,7.4,0.21,0.27,1.2,0.041,27,99,0.9927,3.19,0.33,9.8,6,419
white,7.4,0.31,0.28,1.6,0.05,33,137,0.9929,3.31,0.56,10.5,6,420
white,7,0.22,0.31,2.7,0.03,41,136,0.9898,3.16,0.37,12.7,7,421
white,7,0.21,0.28,8.7,0.045,37,222,0.9954,3.25,0.54,10.4,6,422
white,7,0.21,0.28,8.6,0.045,37,221,0.9954,3.25,0.54,10.4,6,423
white,7,0.21,0.28,8.6,0.045,37,221,0.9954,3.25,0.54,10.4,6,424
white,6.9,0.23,0.38,8.3,0.047,47,162,0.9954,3.34,0.52,10.5,7,425
white,7,0.21,0.28,8.7,0.045,37,222,0.9954,3.25,0.54,10.4,6,426
white,7,0.21,0.28,8.6,0.045,37,221,0.9954,3.25,0.54,10.4,6,427
white,6.8,0.29,0.5,13.3,0.053,48,194,0.9974,3.09,0.45,9.4,5,428
white,7.8,0.21,0.27,1.2,0.051,20,89,0.9936,3.06,0.46,9.1,5,429
white,7.1,0.31,0.47,13.6,0.056,54,197,0.9978,3.1,0.49,9.3,5,430
white,6.8,0.29,0.5,13.3,0.053,48,194,0.9974,3.09,0.45,9.4,5,431
white,6.4,0.34,0.1,1.1,0.048,19,84,0.9927,3.21,0.38,9.8,5,432
white,7.4,0.155,0.34,2.3,0.045,73.5,214,0.9934,3.18,0.61,9.9,7,433
white,7.2,0.55,0.09,1.5,0.108,16,151,0.9938,3.07,0.57,9.2,4,434
white,7,0.23,0.36,7.1,0.028,31,104,0.9922,3.35,0.47,12.1,8,435
white,6.9,0.2,0.37,6.2,0.027,24,97,0.992,3.38,0.49,12.2,7,436
white,6.1,0.28,0.32,2.5,0.042,23,218.5,0.9935,3.27,0.6,9.8,5,437
white,6.6,0.16,0.32,1.4,0.035,49,186,0.9906,3.35,0.64,12.4,8,438
white,7.4,0.155,0.34,,0.045,73.5,214,0.9934,3.18,0.61,9.9,7,439
white,6.2,0.35,0.04,1.2,0.06,23,108,0.9934,3.26,0.54,9.2,5,440
white,6.7,0.22,0.37,1.6,0.028,24,102,0.9913,,0.59,11.6,7,441
white,6.1,0.38,0.2,6.6,0.033,25,137,0.9938,3.3,0.69,10.4,6,442
white,6,0.25,0.28,2.2,0.026,54,126,0.9898,3.43,0.65,12.9,8,443
white,6.6,0.52,0.44,12.2,0.048,54,245,0.9975,3.26,0.54,9.3,6,444
white,6.9,0.24,0.36,20.8,0.031,40,139,0.9975,3.2,0.33,11,6,445
white,7.1,0.32,0.32,11,0.038,16,66,0.9937,3.24,0.4,11.5,3,446
white,5.8,0.28,0.27,2.6,0.054,30,156,0.9914,3.53,0.42,12.4,5,447
white,6.5,0.41,0.24,14,0.048,24,113,0.9982,3.44,0.53,9.8,6,448
white,6.5,0.41,0.24,14,0.048,24,113,0.9982,3.44,0.53,9.8,6,449
white,6.4,0.28,0.29,1.6,0.052,34,127,0.9929,3.48,0.56,10.5,7,450
white,7.2,0.6,0.2,9.9,0.07,21,174,0.9971,3.03,0.54,9.1,5,451
white,6.1,0.2,0.25,1.2,0.038,34,128,0.9921,3.24,0.44,10.1,5,452
white,5.9,0.46,0.14,2.7,0.042,27,160,0.9931,3.46,0.51,10.6,7,453
white,6,0.27,0.27,1.6,0.046,32,113,0.9924,3.41,0.51,10.5,7,454
white,6.4,0.28,0.29,1.6,0.052,34,127,0.9929,3.48,0.56,10.5,7,455
white,6.4,0.41,0.24,14,0.048,24,113,0.9982,3.44,0.53,9.8,6,456
white,6.3,0.23,0.31,1.5,0.022,11,82,0.9892,3.3,0.4,12.9,7,457
white,7.1,0.21,0.27,8.6,0.056,26,111,0.9956,2.95,0.52,9.5,5,458
white,6,0.37,0.32,1,0.053,31,218.5,0.9924,3.29,0.72,9.8,6,459
white,6.1,0.43,0.35,9.1,0.059,83,249,0.9971,3.37,0.5,8.5,5,460
white,7.1,0.21,0.27,8.6,0.056,26,111,0.9956,2.95,0.52,9.5,5,461
white,7,0.25,0.29,15.2,0.047,40,171,0.9982,3.22,0.45,9.3,5,462
white,5.9,0.25,0.19,12.4,0.047,50,162,0.9973,3.35,0.38,9.5,5,463
white,6.8,0.32,0.21,2.2,0.044,15,68,0.9932,3.17,0.39,9.4,6,464
white,7.2,0.39,0.62,11,0.047,66,178,0.9976,3.16,0.5,8.7,5,465
white,6.3,0.21,0.58,10,0.081,34,126,0.9962,2.95,0.46,8.9,5,466
white,7,0.14,0.32,9,0.039,54,141,0.9956,3.22,0.43,9.4,6,467
white,6.8,0.32,0.21,2.2,0.044,15,68,0.9932,3.17,0.39,9.4,6,468
white,7.2,0.39,0.62,11,0.047,66,178,0.9976,3.16,0.5,8.7,5,469
white,7.2,0.29,0.53,18.15,0.047,59,182,0.9992,3.09,0.52,9.6,5,470
white,8.6,0.37,0.7,12.15,0.039,21,158,0.9983,3,0.73,9.3,6,471
white,6.5,0.38,0.34,3.4,0.036,34,200,0.9937,3.14,0.76,10,5,472
white,6.6,0.24,0.29,2,0.023,19,86,0.99,3.25,0.45,12.5,6,473
white,7,0.17,0.31,4.8,0.034,34,132,0.9944,3.36,0.48,9.6,7,474
white,5.5,0.16,0.22,4.5,0.03,30,102,0.9938,3.24,0.36,9.4,6,475
white,7,0.24,0.51,11,0.029,55,227,0.9965,3.03,0.61,9.5,5,476
white,7.4,0.28,0.36,1.1,0.028,42,105,0.9893,2.99,0.39,12.4,7,477
white,7,0.22,0.28,1.5,0.037,29,115,0.9927,3.11,0.55,10.5,6,478
white,7.1,0.55,0.13,1.7,0.073,21,165,0.994,2.97,0.58,9.2,6,479
white,6.3,0.22,0.33,1.7,0.041,67,164,0.9928,3.32,0.56,10.4,6,480
white,6.7,0.47,0.34,8.9,0.043,31,172,0.9964,3.22,0.6,9.2,5,481
white,5.9,0.36,0.41,1.3,0.047,45,104,0.9917,3.33,0.51,10.6,6,482
white,5.8,0.25,0.24,13.3,0.044,41,137,0.9972,3.34,0.42,9.5,5,483
white,6.7,0.47,0.34,8.9,0.043,31,172,0.9964,3.22,0.6,9.2,5,484
white,6.2,0.37,0.3,6.6,0.346,79,200,0.9954,3.29,0.58,9.6,5,485
white,6.2,0.18,0.38,1.5,0.028,36,117,0.993,3.47,0.54,9.7,6,486
white,6,0.16,0.37,1.5,0.025,43,117,0.9928,3.46,0.51,9.7,6,487
white,6.6,0.34,0.28,1.3,0.035,32,90,0.9916,3.1,0.42,10.7,6,488
white,7.4,0.29,0.29,1.6,0.045,53,180,0.9936,3.34,0.68,10.5,6,489
white,7.4,0.26,0.31,7.6,0.047,52,177,0.9962,3.13,0.45,8.9,6,490
white,7,0.28,0.36,1,0.035,8,70,0.9899,3.09,0.46,12.1,6,491
white,7.1,0.23,0.39,1.6,0.032,12,65,0.9898,3.25,0.4,12.7,7,492
white,7.8,0.19,0.26,8.9,0.039,42,182,0.996,3.18,0.46,9.9,6,493
white,6.3,0.19,0.28,1.8,0.022,28,158,0.9907,3.2,0.64,11.4,6,494
white,6.8,0.2,0.38,4.7,0.04,27,103,0.994,3.37,0.58,10.7,6,495
white,5.7,0.44,0.13,7,0.025,28,173,0.9913,3.33,0.48,12.5,6,496
white,7.2,0.4,0.62,10.8,0.041,70,189,0.9976,3.08,0.49,8.6,4,497
white,6.8,0.23,0.32,1.6,0.026,43,147,0.9904,3.29,0.54,12.5,6,498
white,5.7,0.335,0.34,1,0.04,13,174,0.992,3.27,0.66,10,5,499
white,7.2,0.4,0.62,10.8,0.041,70,189,0.9976,3.08,0.49,8.6,4,500
red,7.4,0.7,0,1.9,0.076,11,34,0.9978,3.51,0.56,9.4,5,501
red,7.8,0.88,0,2.6,0.098,25,67,0.9968,3.2,0.68,9.8,5,502
red,7.8,0.76,0.04,2.3,0.092,15,54,0.997,3.26,0.65,9.8,5,503
red,11.2,0.28,0.56,1.9,0.075,17,60,0.998,3.16,0.58,9.8,6,504
red,7.4,0.7,0,1.9,0.076,11,34,0.9978,3.51,0.56,9.4,5,505
red,7.4,0.66,0,1.8,0.075,13,40,0.9978,3.51,0.56,9.4,5,506
red,7.9,0.6,0.06,1.6,0.069,15,59,0.9964,3.3,0.46,9.4,5,507
red,7.3,0.65,0,1.2,0.065,15,21,0.9946,3.39,0.47,10,7,508
red,7.8,0.58,0.02,2,0.073,9,18,0.9968,3.36,0.57,9.5,7,509
red,7.5,0.5,0.36,6.1,0.071,17,102,0.9978,3.35,0.8,10.5,5,510
red,6.7,0.58,0.08,1.8,0.097,15,65,0.9959,3.28,0.54,9.2,5,511
red,7.5,0.5,0.36,6.1,0.071,17,102,0.9978,3.35,0.8,10.5,5,512
red,5.6,0.615,0,1.6,0.089,16,59,0.9943,3.58,0.52,9.9,5,513
red,7.8,0.61,0.29,1.6,0.114,9,29,0.9974,3.26,1.56,9.1,5,514
red,8.9,0.62,0.18,3.8,0.176,52,145,0.9986,3.16,0.88,9.2,5,515
red,8.9,0.62,0.19,3.9,0.17,51,148,0.9986,3.17,0.93,9.2,5,516
red,8.5,0.28,0.56,1.8,0.092,35,103,0.9969,3.3,0.75,10.5,7,517
red,8.1,0.56,0.28,1.7,0.368,16,56,0.9968,3.11,1.28,9.3,5,518
red,7.4,0.59,0.08,4.4,0.086,6,29,0.9974,3.38,0.5,9,4,519
red,7.9,0.32,0.51,1.8,0.341,17,56,0.9969,3.04,1.08,9.2,6,520
red,8.9,0.22,0.48,1.8,0.077,29,60,0.9968,3.39,0.53,9.4,6,521
red,7.6,0.39,0.31,2.3,0.082,23,71,0.9982,3.52,0.65,9.7,5,522
red,7.9,0.43,0.21,1.6,0.106,10,37,0.9966,3.17,0.91,9.5,5,523
red,8.5,0.49,0.11,2.3,0.084,9,67,0.9968,3.17,0.53,9.4,5,524
red,6.9,0.4,0.14,2.4,0.085,21,40,0.9968,3.43,0.63,9.7,6,525
red,6.3,0.39,0.16,1.4,0.08,11,23,0.9955,3.34,0.56,9.3,5,526
red,7.6,0.41,0.24,1.8,0.08,4,11,0.9962,3.28,0.59,9.5,5,527
red,7.9,0.43,0.21,1.6,0.106,10,37,0.9966,3.17,0.91,9.5,5,528
red,7.1,0.71,0,1.9,0.08,14,35,0.9972,3.47,0.55,9.4,5,529
red,7.8,0.645,0,2,0.082,8,16,0.9964,3.38,0.59,9.8,6,530
red,6.7,0.675,0.07,2.4,0.089,17,82,0.9958,3.35,0.54,10.1,5,531
red,6.9,0.685,0,2.5,0.105,22,37,0.9966,3.46,0.57,10.6,6,532
red,8.3,0.655,0.12,2.3,0.083,15,113,0.9966,3.17,0.66,9.8,5,533
red,6.9,0.605,0.12,10.7,0.073,40,83,0.9993,3.45,0.52,9.4,6,534
red,5.2,0.32,0.25,1.8,0.103,13,50,0.9957,3.38,0.55,9.2,5,535
red,7.8,0.645,0,5.5,0.086,5,18,0.9986,3.4,0.55,9.6,6,536
red,7.8,0.6,0.14,2.4,0.086,3,15,0.9975,3.42,0.6,10.8,6,537
red,8.1,0.38,0.28,2.1,0.066,13,30,0.9968,3.23,0.73,9.7,7,538
red,5.7,1.13,0.09,1.5,0.172,7,19,0.994,3.5,0.48,9.8,4,539
red,7.3,0.45,0.36,5.9,0.074,12,87,0.9978,3.33,0.83,10.5,5,540
red,7.3,0.45,0.36,5.9,0.074,12,87,0.9978,3.33,0.83,10.5,5,541
red,8.8,0.61,0.3,2.8,0.088,17,46,0.9976,3.26,0.51,9.3,4,542
red,7.5,0.49,0.2,2.6,0.332,8,14,0.9968,3.21,0.9,10.5,6,543
red,8.1,0.66,0.22,2.2,0.069,9,23,0.9968,3.3,1.2,10.3,5,544
red,6.8,0.67,0.02,1.8,0.05,5,11,0.9962,3.48,0.52,9.5,5,545
red,4.6,0.52,0.15,2.1,0.054,8,65,0.9934,3.9,0.56,13.1,4,546
red,7.7,0.935,0.43,2.2,0.114,22,114,0.997,3.25,0.73,9.2,5,547
red,8.7,0.29,0.52,1.6,0.113,12,37,0.9969,3.25,0.58,9.5,5,548
red,6.4,0.4,0.23,1.6,0.066,5,12,0.9958,3.34,0.56,9.2,5,549
red,5.6,0.31,0.37,1.4,0.074,12,96,0.9954,3.32,0.58,9.2,5,550
red,8.8,0.66,0.26,1.7,0.074,4,23,0.9971,3.15,0.74,9.2,5,551
red,6.6,0.52,0.04,2.2,0.069,8,15,0.9956,3.4,0.63,9.4,6,552
red,6.6,0.5,0.04,2.1,0.068,6,14,0.9955,3.39,0.64,9.4,6,553
red,8.6,0.38,0.36,3,0.081,30,119,0.997,3.2,0.56,9.4,5,554
red,7.6,0.51,0.15,2.8,0.11,33,73,0.9955,3.17,0.63,10.2,6,555
red,7.7,0.62,0.04,3.8,0.084,25,45,0.9978,3.34,0.53,9.5,5,556
red,10.2,0.42,0.57,3.4,0.07,4,10,0.9971,3.04,0.63,9.6,5,557
red,7.5,0.63,0.12,5.1,0.111,50,110,0.9983,3.26,0.77,9.4,5,558
red,7.8,0.59,0.18,2.3,0.076,17,54,0.9975,3.43,0.59,10,5,559
red,7.3,0.39,0.31,2.4,0.074,9,46,0.9962,3.41,0.54,9.4,6,560
red,8.8,0.4,0.4,2.2,0.079,19,52,0.998,3.44,0.64,9.2,5,561
red,7.7,0.69,0.49,1.8,0.115,20,112,0.9968,3.21,0.71,9.3,5,562
red,7.5,0.52,0.16,1.9,0.085,12,35,0.9968,3.38,0.62,9.5,7,563
red,7,0.735,0.05,2,0.081,13,54,0.9966,3.39,0.57,9.8,5,564
red,7.2,0.725,0.05,4.65,0.086,4,11,0.9962,3.41,0.39,10.9,5,565
red,7.2,0.725,0.05,4.65,0.086,4,11,0.9962,3.41,0.39,10.9,5,566
red,7.5,0.52,0.11,1.5,0.079,11,39,0.9968,3.42,0.58,9.6,5,567
red,6.6,0.705,0.07,1.6,0.076,6,15,0.9962,3.44,0.58,10.7,5,568
red,9.3,0.32,0.57,2,0.074,27,65,0.9969,3.28,0.79,10.7,5,569
red,8,0.705,0.05,1.9,0.074,8,19,0.9962,3.34,0.95,10.5,6,570
red,7.7,0.63,0.08,1.9,0.076,15,27,0.9967,3.32,0.54,9.5,6,571
red,7.7,0.67,0.23,2.1,0.088,17,96,0.9962,3.32,0.48,9.5,5,572
red,7.7,0.69,0.22,1.9,0.084,18,94,0.9961,3.31,0.48,9.5,5,573
red,8.3,0.675,0.26,2.1,0.084,11,43,0.9976,3.31,0.53,9.2,4,574
red,9.7,0.32,0.54,2.5,0.094,28,83,0.9984,3.28,0.82,9.6,5,575
red,8.8,0.41,0.64,2.2,0.093,9,42,0.9986,3.54,0.66,10.5,5,576
red,8.8,0.41,0.64,2.2,0.093,9,42,0.9986,3.54,0.66,10.5,5,577
red,6.8,0.785,0,2.4,0.104,14,30,0.9966,3.52,0.55,10.7,6,578
red,6.7,0.75,0.12,2,0.086,12,80,0.9958,3.38,0.52,10.1,5,579
red,8.3,0.625,0.2,1.5,0.08,27,119,0.9972,3.16,1.12,9.1,4,580
red,6.2,0.45,0.2,1.6,0.069,3,15,0.9958,3.41,0.56,9.2,5,581
red,7.8,0.43,0.7,1.9,0.464,22,67,0.9974,3.13,1.28,9.4,5,582
red,7.4,0.5,0.47,2,0.086,21,73,0.997,3.36,0.57,9.1,5,583
red,7.3,0.67,0.26,1.8,0.401,16,51,0.9969,3.16,1.14,9.4,5,584
red,6.3,0.3,0.48,1.8,0.069,18,61,0.9959,3.44,0.78,10.3,6,585
red,6.9,0.55,0.15,2.2,0.076,19,40,0.9961,3.41,0.59,10.1,5,586
red,8.6,0.49,0.28,1.9,0.11,20,136,0.9972,2.93,1.95,9.9,6,587
red,7.7,0.49,0.26,1.9,0.062,9,31,0.9966,3.39,0.64,9.6,5,588
red,9.3,0.39,0.44,2.1,0.107,34,125,0.9978,3.14,1.22,9.5,5,589
red,7,0.62,0.08,1.8,0.076,8,24,0.9978,3.48,0.53,9,5,590
red,7.9,0.52,0.26,1.9,0.079,42,140,0.9964,3.23,0.54,9.5,5,591
red,8.6,0.49,0.28,1.9,0.11,20,136,0.9972,2.93,1.95,9.9,6,592
red,8.6,0.49,0.29,2,0.11,19,133,0.9972,2.93,1.98,9.8,5,593
red,7.7,0.49,0.26,1.9,0.062,9,31,0.9966,3.39,0.64,9.6,5,594
red,5,1.02,0.04,1.4,0.045,41,85,0.9938,3.75,0.48,10.5,4,595
red,4.7,0.6,0.17,2.3,0.058,17,106,0.9932,3.85,0.6,12.9,6,596
red,6.8,0.775,0,3,0.102,8,23,0.9965,3.45,0.56,10.7,5,597
red,7,0.5,0.25,2,0.07,3,22,0.9963,3.25,0.63,9.2,5,598
red,7.6,0.9,0.06,2.5,0.079,5,10,0.9967,3.39,0.56,9.8,5,599
red,8.1,0.545,0.18,1.9,0.08,13,35,0.9972,3.3,0.59,9,6,600
red,8.3,0.61,0.3,2.1,0.084,11,50,0.9972,3.4,0.61,10.2,6,601
red,7.8,0.5,0.3,1.9,0.075,8,22,0.9959,3.31,0.56,10.4,6,602
red,8.1,0.545,0.18,1.9,0.08,13,35,0.9972,3.3,0.59,9,6,603
red,8.1,0.575,0.22,2.1,0.077,12,65,0.9967,3.29,0.51,9.2,5,604
red,7.2,0.49,0.24,2.2,0.07,5,36,0.996,3.33,0.48,9.4,5,605
red,8.1,0.575,0.22,2.1,0.077,12,65,0.9967,3.29,0.51,9.2,5,606
red,7.8,0.41,0.68,1.7,0.467,18,69,0.9973,3.08,1.31,9.3,5,607
red,6.2,0.63,0.31,1.7,0.088,15,64,0.9969,3.46,0.79,9.3,5,608
red,8,0.33,0.53,2.5,0.091,18,80,0.9976,3.37,0.8,9.6,6,609
red,8.1,0.785,0.52,2,0.122,37,153,0.9969,3.21,0.69,9.3,5,610
red,7.8,0.56,0.19,1.8,0.104,12,47,0.9964,3.19,0.93,9.5,5,611
red,8.4,0.62,0.09,2.2,0.084,11,108,0.9964,3.15,0.66,9.8,5,612
red,8.4,0.6,0.1,2.2,0.085,14,111,0.9964,3.15,0.66,9.8,5,613
red,10.1,0.31,0.44,2.3,0.08,22,46,0.9988,3.32,0.67,9.7,6,614
red,7.8,0.56,0.19,1.8,0.104,12,47,0.9964,3.19,0.93,9.5,5,615
red,9.4,0.4,0.31,2.2,0.09,13,62,0.9966,3.07,0.63,10.5,6,616
red,8.3,0.54,0.28,1.9,0.077,11,40,0.9978,3.39,0.61,10,6,617
red,7.8,0.56,0.12,2,0.082,7,28,0.997,3.37,0.5,9.4,6,618
red,8.8,0.55,0.04,2.2,0.119,14,56,0.9962,3.21,0.6,10.9,6,619
red,7,0.69,0.08,1.8,0.097,22,89,0.9959,3.34,0.54,9.2,6,620
red,7.3,1.07,0.09,1.7,0.178,10,89,0.9962,3.3,0.57,9,5,621
red,8.8,0.55,0.04,2.2,0.119,14,56,0.9962,3.21,0.6,10.9,6,622
red,7.3,0.695,0,2.5,0.075,3,13,0.998,3.49,0.52,9.2,5,623
red,8,0.71,0,2.6,0.08,11,34,0.9976,3.44,0.53,9.5,5,624
red,7.8,0.5,0.17,1.6,0.082,21,102,0.996,3.39,0.48,9.5,5,625
red,9,0.62,0.04,1.9,0.146,27,90,0.9984,3.16,0.7,9.4,5,626
red,8.2,1.33,0,1.7,0.081,3,12,0.9964,3.53,0.49,10.9,5,627
red,8.1,1.33,0,1.8,0.082,3,12,0.9964,3.54,0.48,10.9,5,628
red,8,0.59,0.16,1.8,0.065,3,16,0.9962,3.42,0.92,10.5,7,629
red,6.1,0.38,0.15,1.8,0.072,6,19,0.9955,3.42,0.57,9.4,5,630
red,8,0.745,0.56,2,0.118,30,134,0.9968,3.24,0.66,9.4,5,631
red,5.6,0.5,0.09,2.3,0.049,17,99,0.9937,3.63,0.63,13,5,632
red,5.6,0.5,0.09,2.3,0.049,17,99,0.9937,3.63,0.63,13,5,633
red,6.6,0.5,0.01,1.5,0.06,17,26,0.9952,3.4,0.58,9.8,6,634
red,7.9,1.04,0.05,2.2,0.084,13,29,0.9959,3.22,0.55,9.9,6,635
red,8.4,0.745,0.11,1.9,0.09,16,63,0.9965,3.19,0.82,9.6,5,636
red,8.3,0.715,0.15,1.8,0.089,10,52,0.9968,3.23,0.77,9.5,5,637
red,7.2,0.415,0.36,2,0.081,13,45,0.9972,3.48,0.64,9.2,5,638
red,7.8,0.56,0.19,2.1,0.081,15,105,0.9962,3.33,0.54,9.5,5,639
red,7.8,0.56,0.19,2,0.081,17,108,0.9962,3.32,0.54,9.5,5,640
red,8.4,0.745,0.11,1.9,0.09,16,63,0.9965,3.19,0.82,9.6,5,641
red,8.3,0.715,0.15,1.8,0.089,10,52,0.9968,3.23,0.77,9.5,5,642
red,5.2,0.34,0,1.8,0.05,27,63,0.9916,3.68,0.79,14,6,643
red,6.3,0.39,0.08,1.7,0.066,3,20,0.9954,3.34,0.58,9.4,5,644
red,5.2,0.34,0,1.8,0.05,27,63,0.9916,3.68,0.79,14,6,645
red,8.1,0.67,0.55,1.8,0.117,32,141,0.9968,3.17,0.62,9.4,5,646
red,5.8,0.68,0.02,1.8,0.087,21,94,0.9944,3.54,0.52,10,5,647
red,7.6,0.49,0.26,1.6,0.236,10,88,0.9968,3.11,0.8,9.3,5,648
red,6.9,0.49,0.1,2.3,0.074,12,30,0.9959,3.42,0.58,10.2,6,649
red,8.2,0.4,0.44,2.8,0.089,11,43,0.9975,3.53,0.61,10.5,6,650
red,7.3,0.33,0.47,2.1,0.077,5,11,0.9958,3.33,0.53,10.3,6,651
red,9.2,0.52,1,3.4,0.61,32,69,0.9996,2.74,2,9.4,4,652
red,7.5,0.6,0.03,1.8,0.095,25,99,0.995,3.35,0.54,10.1,5,653
red,7.5,0.6,0.03,1.8,0.095,25,99,0.995,3.35,0.54,10.1,5,654
red,7.1,0.43,0.42,5.5,0.07,29,129,0.9973,3.42,0.72,10.5,5,655
red,7.1,0.43,0.42,5.5,0.071,28,128,0.9973,3.42,0.71,10.5,5,656
red,7.1,0.43,0.42,5.5,0.07,29,129,0.9973,3.42,0.72,10.5,5,657
red,7.1,0.43,0.42,5.5,0.071,28,128,0.9973,3.42,0.71,10.5,5,658
red,7.1,0.68,0,2.2,0.073,12,22,0.9969,3.48,0.5,9.3,5,659
red,6.8,0.6,0.18,1.9,0.079,18,86,0.9968,3.59,0.57,9.3,6,660
red,7.6,0.95,0.03,2,0.09,7,20,0.9959,3.2,0.56,9.6,5,661
red,7.6,0.68,0.02,1.3,0.072,9,20,0.9965,3.17,1.08,9.2,4,662
red,7.8,0.53,0.04,1.7,0.076,17,31,0.9964,3.33,0.56,10,6,663
red,7.4,0.6,0.26,7.3,0.07,36,121,0.9982,3.37,0.49,9.4,5,664
red,7.3,0.59,0.26,7.2,0.07,35,121,0.9981,3.37,0.49,9.4,5,665
red,7.8,0.63,0.48,1.7,0.1,14,96,0.9961,3.19,0.62,9.5,5,666
red,6.8,0.64,0.1,2.1,0.085,18,101,0.9956,3.34,0.52,10.2,5,667
red,7.3,0.55,0.03,1.6,0.072,17,42,0.9956,3.37,0.48,9,4,668
red,6.8,0.63,0.07,2.1,0.089,11,44,0.9953,3.47,0.55,10.4,6,669
red,7.5,0.705,0.24,1.8,0.36,15,63,0.9964,3,1.59,9.5,5,670
red,7.9,0.885,0.03,1.8,0.058,4,8,0.9972,3.36,0.33,9.1,4,671
red,8,0.42,0.17,2,0.073,6,18,0.9972,3.29,0.61,9.2,6,672
red,8,0.42,0.17,2,0.073,6,18,0.9972,3.29,0.61,9.2,6,673
red,7.4,0.62,0.05,1.9,0.068,24,42,0.9961,3.42,0.57,11.5,6,674
red,7.3,0.38,0.21,2,0.08,7,35,0.9961,3.33,0.47,9.5,5,675
red,6.9,0.5,0.04,1.5,0.085,19,49,0.9958,3.35,0.78,9.5,5,676
red,7.3,0.38,0.21,2,0.08,7,35,0.9961,3.33,0.47,9.5,5,677
red,7.5,0.52,0.42,2.3,0.087,8,38,0.9972,3.58,0.61,10.5,6,678
red,7,0.805,0,2.5,0.068,7,20,0.9969,3.48,0.56,9.6,5,679
red,8.8,0.61,0.14,2.4,0.067,10,42,0.9969,3.19,0.59,9.5,5,680
red,8.8,0.61,0.14,2.4,0.067,10,42,0.9969,3.19,0.59,9.5,5,681
red,8.9,0.61,0.49,2,0.27,23,110,0.9972,3.12,1.02,9.3,5,682
red,7.2,0.73,0.02,2.5,0.076,16,42,0.9972,3.44,0.52,9.3,5,683
red,6.8,0.61,0.2,1.8,0.077,11,65,0.9971,3.54,0.58,9.3,5,684
red,6.7,0.62,0.21,1.9,0.079,8,62,0.997,3.52,0.58,9.3,6,685
red,8.9,0.31,0.57,2,0.111,26,85,0.9971,3.26,0.53,9.7,5,686
red,7.4,0.39,0.48,2,0.082,14,67,0.9972,3.34,0.55,9.2,5,687
red,7.7,0.705,0.1,2.6,0.084,9,26,0.9976,3.39,0.49,9.7,5,688
red,7.9,0.5,0.33,2,0.084,15,143,0.9968,3.2,0.55,9.5,5,689
red,7.9,0.49,0.32,1.9,0.082,17,144,0.9968,3.2,0.55,9.5,5,690
red,8.2,0.5,0.35,2.9,0.077,21,127,0.9976,3.23,0.62,9.4,5,691
red,6.4,0.37,0.25,1.9,0.074,21,49,0.9974,3.57,0.62,9.8,6,692
red,6.8,0.63,0.12,3.8,0.099,16,126,0.9969,3.28,0.61,9.5,5,693
red,7.6,0.55,0.21,2.2,0.071,7,28,0.9964,3.28,0.55,9.7,5,694
red,7.6,0.55,0.21,2.2,0.071,7,28,0.9964,3.28,0.55,9.7,5,695
red,7.8,0.59,0.33,2,0.074,24,120,0.9968,3.25,0.54,9.4,5,696
red,7.3,0.58,0.3,2.4,0.074,15,55,0.9968,3.46,0.59,10.2,5,697
red,11.5,0.3,0.6,2,0.067,12,27,0.9981,3.11,0.97,10.1,6,698
red,5.4,0.835,0.08,1.2,0.046,13,93,0.9924,3.57,0.85,13,7,699
red,6.9,1.09,0.06,2.1,0.061,12,31,0.9948,3.51,0.43,11.4,4,700
red,9.6,0.32,0.47,1.4,0.056,9,24,0.99695,3.22,0.82,10.3,7,701
red,8.8,0.37,0.48,2.1,0.097,39,145,0.9975,3.04,1.03,9.3,5,702
red,6.8,0.5,0.11,1.5,0.075,16,49,0.99545,3.36,0.79,9.5,5,703
red,7,0.42,0.35,1.6,0.088,16,39,0.9961,3.34,0.55,9.2,5,704
red,7,0.43,0.36,1.6,0.089,14,37,0.99615,3.34,0.56,9.2,6,705
red,12.8,0.3,0.74,2.6,0.095,9,28,0.9994,3.2,0.77,10.8,7,706
red,12.8,0.3,0.74,2.6,0.095,9,28,0.9994,3.2,0.77,10.8,7,707
red,7.8,0.57,0.31,1.8,0.069,26,120,0.99625,3.29,0.53,9.3,5,708
red,7.8,0.44,0.28,2.7,0.1,18,95,0.9966,3.22,0.67,9.4,5,709
red,11,0.3,0.58,2.1,0.054,7,19,0.998,3.31,0.88,10.5,7,710
red,9.7,0.53,0.6,2,0.039,5,19,0.99585,3.3,0.86,12.4,6,711
red,8,0.725,0.24,2.8,0.083,10,62,0.99685,3.35,0.56,10,6,712
red,11.6,0.44,0.64,2.1,0.059,5,15,0.998,3.21,0.67,10.2,6,713
red,8.2,0.57,0.26,2.2,0.06,28,65,0.9959,3.3,0.43,10.1,5,714
red,7.8,0.735,0.08,2.4,0.092,10,41,0.9974,3.24,0.71,9.8,6,715
red,7,0.49,0.49,5.6,0.06,26,121,0.9974,3.34,0.76,10.5,5,716
red,8.7,0.625,0.16,2,0.101,13,49,0.9962,3.14,0.57,11,5,717
red,8.1,0.725,0.22,2.2,0.072,11,41,0.9967,3.36,0.55,9.1,5,718
red,7.5,0.49,0.19,1.9,0.076,10,44,0.9957,3.39,0.54,9.7,5,719
red,7.8,0.53,0.33,2.4,0.08,24,144,0.99655,3.3,0.6,9.5,5,720
red,7.8,0.34,0.37,2,0.082,24,58,0.9964,3.34,0.59,9.4,6,721
red,7.4,0.53,0.26,2,0.101,16,72,0.9957,3.15,0.57,9.4,5,722
red,6.8,0.61,0.04,1.5,0.057,5,10,0.99525,3.42,0.6,9.5,5,723
red,8.6,0.645,0.25,2,0.083,8,28,0.99815,3.28,0.6,10,6,724
red,8.4,0.635,0.36,2,0.089,15,55,0.99745,3.31,0.57,10.4,4,725
red,7.7,0.43,0.25,2.6,0.073,29,63,0.99615,3.37,0.58,10.5,6,726
red,8.9,0.59,0.5,2,0.337,27,81,0.9964,3.04,1.61,9.5,6,727
red,9,0.82,0.14,2.6,0.089,9,23,0.9984,3.39,0.63,9.8,5,728
red,7.7,0.43,0.25,2.6,0.073,29,63,0.99615,3.37,0.58,10.5,6,729
red,6.9,0.52,0.25,2.6,0.081,10,37,0.99685,3.46,0.5,11,5,730
red,5.2,0.48,0.04,1.6,0.054,19,106,0.9927,3.54,0.62,12.2,7,731
red,8,0.38,0.06,1.8,0.078,12,49,0.99625,3.37,0.52,9.9,6,732
red,8.5,0.37,0.2,2.8,0.09,18,58,0.998,3.34,0.7,9.6,6,733
red,6.9,0.52,0.25,2.6,0.081,10,37,0.99685,3.46,0.5,11,5,734
red,8.2,1,0.09,2.3,0.065,7,37,0.99685,3.32,0.55,9,6,735
red,7.2,0.63,0,1.9,0.097,14,38,0.99675,3.37,0.58,9,6,736
red,7.2,0.63,0,1.9,0.097,14,38,0.99675,3.37,0.58,9,6,737
red,7.2,0.645,0,1.9,0.097,15,39,0.99675,3.37,0.58,9.2,6,738
red,7.2,0.63,0,1.9,0.097,14,38,0.99675,3.37,0.58,9,6,739
red,8.2,1,0.09,2.3,0.065,7,37,0.99685,3.32,0.55,9,6,740
red,8.9,0.635,0.37,1.7,0.263,5,62,0.9971,3,1.09,9.3,5,741
red,12,0.38,0.56,2.1,0.093,6,24,0.99925,3.14,0.71,10.9,6,742
red,7.7,0.58,0.1,1.8,0.102,28,109,0.99565,3.08,0.49,9.8,6,743
red,15,0.21,0.44,2.2,0.075,10,24,1.00005,3.07,0.84,9.2,7,744
red,15,0.21,0.44,2.2,0.075,10,24,1.00005,3.07,0.84,9.2,7,745
red,7.3,0.66,0,2,0.084,6,23,0.9983,3.61,0.96,9.9,6,746
red,7.1,0.68,0.07,1.9,0.075,16,51,0.99685,3.38,0.52,9.5,5,747
red,8.2,0.6,0.17,2.3,0.072,11,73,0.9963,3.2,0.45,9.3,5,748
red,7.7,0.53,0.06,1.7,0.074,9,39,0.99615,3.35,0.48,9.8,6,749
red,7.3,0.66,0,2,0.084,6,23,0.9983,3.61,0.96,9.9,6,750
red,10.8,0.32,0.44,1.6,0.063,16,37,0.9985,3.22,0.78,10,6,751
red,7.1,0.6,0,1.8,0.074,16,34,0.9972,3.47,0.7,9.9,6,752
red,11.1,0.35,0.48,3.1,0.09,5,21,0.9986,3.17,0.53,10.5,5,753
red,7.7,0.775,0.42,1.9,0.092,8,86,0.9959,3.23,0.59,9.5,5,754
red,7.1,0.6,0,1.8,0.074,16,34,0.9972,3.47,0.7,9.9,6,755
red,8,0.57,0.23,3.2,0.073,17,119,0.99675,3.26,0.57,9.3,5,756
red,9.4,0.34,0.37,2.2,0.075,5,13,0.998,3.22,0.62,9.2,5,757
red,6.6,0.695,0,2.1,0.075,12,56,0.9968,3.49,0.67,9.2,5,758
red,7.7,0.41,0.76,1.8,0.611,8,45,0.9968,3.06,1.26,9.4,5,759
red,10,0.31,0.47,2.6,0.085,14,33,0.99965,3.36,0.8,10.5,7,760
red,7.9,0.33,0.23,1.7,0.077,18,45,0.99625,3.29,0.65,9.3,5,761
red,7,0.975,0.04,2,0.087,12,67,0.99565,3.35,0.6,9.4,4,762
red,8,0.52,0.03,1.7,0.07,10,35,0.99575,3.34,0.57,10,5,763
red,7.9,0.37,0.23,1.8,0.077,23,49,0.9963,3.28,0.67,9.3,5,764
red,12.5,0.56,0.49,2.4,0.064,5,27,0.9999,3.08,0.87,10.9,5,765
red,11.8,0.26,0.52,1.8,0.071,6,10,0.9968,3.2,0.72,10.2,7,766
red,8.1,0.87,0,3.3,0.096,26,61,1.00025,3.6,0.72,9.8,4,767
red,7.9,0.35,0.46,3.6,0.078,15,37,0.9973,3.35,0.86,12.8,8,768
red,6.9,0.54,0.04,3,0.077,7,27,0.9987,3.69,0.91,9.4,6,769
red,11.5,0.18,0.51,4,0.104,4,23,0.9996,3.28,0.97,10.1,6,770
red,7.9,0.545,0.06,4,0.087,27,61,0.9965,3.36,0.67,10.7,6,771
red,11.5,0.18,0.51,4,0.104,4,23,0.9996,3.28,0.97,10.1,6,772
red,10.9,0.37,0.58,4,0.071,17,65,0.99935,3.22,0.78,10.1,5,773
red,8.4,0.715,0.2,2.4,0.076,10,38,0.99735,3.31,0.64,9.4,5,774
red,7.5,0.65,0.18,7,0.088,27,94,0.99915,3.38,0.77,9.4,5,775
red,7.9,0.545,0.06,4,0.087,27,61,0.9965,3.36,0.67,10.7,6,776
red,6.9,0.54,0.04,3,0.077,7,27,0.9987,3.69,0.91,9.4,6,777
red,11.5,0.18,0.51,4,0.104,4,23,0.9996,3.28,0.97,10.1,6,778
red,10.3,0.32,0.45,6.4,0.073,5,13,0.9976,3.23,0.82,12.6,8,779
red,8.9,0.4,0.32,5.6,0.087,10,47,0.9991,3.38,0.77,10.5,7,780
red,11.4,0.26,0.44,3.6,0.071,6,19,0.9986,3.12,0.82,9.3,6,781
red,7.7,0.27,0.68,3.5,0.358,5,10,0.9972,3.25,1.08,9.9,7,782
red,7.6,0.52,0.12,3,0.067,12,53,0.9971,3.36,0.57,9.1,5,783
red,8.9,0.4,0.32,5.6,0.087,10,47,0.9991,3.38,0.77,10.5,7,784
red,9.9,0.59,0.07,3.4,0.102,32,71,1.00015,3.31,0.71,9.8,5,785
red,9.9,0.59,0.07,3.4,0.102,32,71,1.00015,3.31,0.71,9.8,5,786
red,12,0.45,0.55,2,0.073,25,49,0.9997,3.1,0.76,10.3,6,787
red,7.5,0.4,0.12,3,0.092,29,53,0.9967,3.37,0.7,10.3,6,788
red,8.7,0.52,0.09,2.5,0.091,20,49,0.9976,3.34,0.86,10.6,7,789
red,11.6,0.42,0.53,3.3,0.105,33,98,1.001,3.2,0.95,9.2,5,790
red,8.7,0.52,0.09,2.5,0.091,20,49,0.9976,3.34,0.86,10.6,7,791
red,11,0.2,0.48,2,0.343,6,18,0.9979,3.3,0.71,10.5,5,792
red,10.4,0.55,0.23,2.7,0.091,18,48,0.9994,3.22,0.64,10.3,6,793
red,6.9,0.36,0.25,2.4,0.098,5,16,0.9964,3.41,0.6,10.1,6,794
red,13.3,0.34,0.52,3.2,0.094,17,53,1.0014,3.05,0.81,9.5,6,795
red,10.8,0.5,0.46,2.5,0.073,5,27,1.0001,3.05,0.64,9.5,5,796
red,10.6,0.83,0.37,2.6,0.086,26,70,0.9981,3.16,0.52,9.9,5,797
red,7.1,0.63,0.06,2,0.083,8,29,0.99855,3.67,0.73,9.6,5,798
red,7.2,0.65,0.02,2.3,0.094,5,31,0.9993,3.67,0.8,9.7,5,799
red,6.9,0.67,0.06,2.1,0.08,8,33,0.99845,3.68,0.71,9.6,5,800
red,7.5,0.53,0.06,2.6,0.086,20,44,0.9965,3.38,0.59,10.7,6,801
red,11.1,0.18,0.48,1.5,0.068,7,15,0.9973,3.22,0.64,10.1,6,802
red,8.3,0.705,0.12,2.6,0.092,12,28,0.9994,3.51,0.72,10,5,803
red,7.4,0.67,0.12,1.6,0.186,5,21,0.996,3.39,0.54,9.5,5,804
red,8.4,0.65,0.6,2.1,0.112,12,90,0.9973,3.2,0.52,9.2,5,805
red,10.3,0.53,0.48,2.5,0.063,6,25,0.9998,3.12,0.59,9.3,6,806
red,7.6,0.62,0.32,2.2,0.082,7,54,0.9966,3.36,0.52,9.4,5,807
red,10.3,0.41,0.42,2.4,0.213,6,14,0.9994,3.19,0.62,9.5,6,808
red,10.3,0.43,0.44,2.4,0.214,5,12,0.9994,3.19,0.63,9.5,6,809
red,7.4,0.29,0.38,1.7,0.062,9,30,0.9968,3.41,0.53,9.5,6,810
red,10.3,0.53,0.48,2.5,0.063,6,25,0.9998,3.12,0.59,9.3,6,811
red,7.9,0.53,0.24,2,0.072,15,105,0.996,3.27,0.54,9.4,6,812
red,9,0.46,0.31,2.8,0.093,19,98,0.99815,3.32,0.63,9.5,6,813
red,8.6,0.47,0.3,3,0.076,30,135,0.9976,3.3,0.53,9.4,5,814
red,7.4,0.36,0.29,2.6,0.087,26,72,0.99645,3.39,0.68,11,5,815
red,7.1,0.35,0.29,2.5,0.096,20,53,0.9962,3.42,0.65,11,6,816
red,9.6,0.56,0.23,3.4,0.102,37,92,0.9996,3.3,0.65,10.1,5,817
red,9.6,0.77,0.12,2.9,0.082,30,74,0.99865,3.3,0.64,10.4,6,818
red,9.8,0.66,0.39,3.2,0.083,21,59,0.9989,3.37,0.71,11.5,7,819
red,9.6,0.77,0.12,2.9,0.082,30,74,0.99865,3.3,0.64,10.4,6,820
red,9.8,0.66,0.39,3.2,0.083,21,59,0.9989,3.37,0.71,11.5,7,821
red,9.3,0.61,0.26,3.4,0.09,25,87,0.99975,3.24,0.62,9.7,5,822
red,7.8,0.62,0.05,2.3,0.079,6,18,0.99735,3.29,0.63,9.3,5,823
red,10.3,0.59,0.42,2.8,0.09,35,73,0.999,3.28,0.7,9.5,6,824
red,10,0.49,0.2,11,0.071,13,50,1.0015,3.16,0.69,9.2,6,825
red,10,0.49,0.2,11,0.071,13,50,1.0015,3.16,0.69,9.2,6,826
red,11.6,0.53,0.66,3.65,0.121,6,14,0.9978,3.05,0.74,11.5,7,827
red,10.3,0.44,0.5,4.5,0.107,5,13,0.998,3.28,0.83,11.5,5,828
red,13.4,0.27,0.62,2.6,0.082,6,21,1.0002,3.16,0.67,9.7,6,829
red,10.7,0.46,0.39,2,0.061,7,15,0.9981,3.18,0.62,9.5,5,830
red,10.2,0.36,0.64,2.9,0.122,10,41,0.998,3.23,0.66,12.5,6,831
red,10.2,0.36,0.64,2.9,0.122,10,41,0.998,3.23,0.66,12.5,6,832
red,8,0.58,0.28,3.2,0.066,21,114,0.9973,3.22,0.54,9.4,6,833
red,8.4,0.56,0.08,2.1,0.105,16,44,0.9958,3.13,0.52,11,5,834
red,7.9,0.65,0.01,2.5,0.078,17,38,0.9963,3.34,0.74,11.7,7,835
red,11.9,0.695,0.53,3.4,0.128,7,21,0.9992,3.17,0.84,12.2,7,836
red,8.9,0.43,0.45,1.9,0.052,6,16,0.9948,3.35,0.7,12.5,6,837
red,7.8,0.43,0.32,2.8,0.08,29,58,0.9974,3.31,0.64,10.3,5,838
red,12.4,0.49,0.58,3,0.103,28,99,1.0008,3.16,1,11.5,6,839
red,12.5,0.28,0.54,2.3,0.082,12,29,0.9997,3.11,1.36,9.8,7,840
red,12.2,0.34,0.5,2.4,0.066,10,21,1,3.12,1.18,9.2,6,841
red,10.6,0.42,0.48,2.7,0.065,5,18,0.9972,3.21,0.87,11.3,6,842
red,10.9,0.39,0.47,1.8,0.118,6,14,0.9982,3.3,0.75,9.8,6,843
red,10.9,0.39,0.47,1.8,0.118,6,14,0.9982,3.3,0.75,9.8,6,844
red,11.9,0.57,0.5,2.6,0.082,6,32,1.0006,3.12,0.78,10.7,6,845
red,7,0.685,0,1.9,0.067,40,63,0.9979,3.6,0.81,9.9,5,846
red,6.6,0.815,0.02,2.7,0.072,17,34,0.9955,3.58,0.89,12.3,7,847
red,13.8,0.49,0.67,3,0.093,6,15,0.9986,3.02,0.93,12,6,848
red,9.6,0.56,0.31,2.8,0.089,15,46,0.9979,3.11,0.92,10,6,849
red,9.1,0.785,0,2.6,0.093,11,28,0.9994,3.36,0.86,9.4,6,850
red,10.7,0.67,0.22,2.7,0.107,17,34,1.0004,3.28,0.98,9.9,6,851
red,9.1,0.795,0,2.6,0.096,11,26,0.9994,3.35,0.83,9.4,6,852
red,7.7,0.665,0,2.4,0.09,8,19,0.9974,3.27,0.73,9.3,5,853
red,13.5,0.53,0.79,4.8,0.12,23,77,1.0018,3.18,0.77,13,5,854
red,6.1,0.21,0.4,1.4,0.066,40.5,165,0.9912,3.25,0.59,11.9,6,855
red,6.7,0.75,0.01,2.4,0.078,17,32,0.9955,3.55,0.61,12.8,6,856
red,11.5,0.41,0.52,3,0.08,29,55,1.0001,3.26,0.88,11,5,857
red,10.5,0.42,0.66,2.95,0.116,12,29,0.997,3.24,0.75,11.7,7,858
red,11.9,0.43,0.66,3.1,0.109,10,23,1,3.15,0.85,10.4,7,859
red,12.6,0.38,0.66,2.6,0.088,10,41,1.001,3.17,0.68,9.8,6,860
red,8.2,0.7,0.23,2,0.099,14,81,0.9973,3.19,0.7,9.4,5,861
red,8.6,0.45,0.31,2.6,0.086,21,50,0.9982,3.37,0.91,9.9,6,862
red,11.9,0.58,0.66,2.5,0.072,6,37,0.9992,3.05,0.56,10,5,863
red,12.5,0.46,0.63,2,0.071,6,15,0.9988,2.99,0.87,10.2,5,864
red,12.8,0.615,0.66,5.8,0.083,7,42,1.0022,3.07,0.73,10,7,865
red,10,0.42,0.5,3.4,0.107,7,21,0.9979,3.26,0.93,11.8,6,866
red,12.8,0.615,0.66,5.8,0.083,7,42,1.0022,3.07,0.73,10,7,867
red,10.4,0.575,0.61,2.6,0.076,11,24,1,3.16,0.69,9,5,868
red,10.3,0.34,0.52,2.8,0.159,15,75,0.9998,3.18,0.64,9.4,5,869
red,9.4,0.27,0.53,2.4,0.074,6,18,0.9962,3.2,1.13,12,7,870
red,6.9,0.765,0.02,2.3,0.063,35,63,0.9975,3.57,0.78,9.9,5,871
red,7.9,0.24,0.4,1.6,0.056,11,25,0.9967,3.32,0.87,8.7,6,872
red,9.1,0.28,0.48,1.8,0.067,26,46,0.9967,3.32,1.04,10.6,6,873
red,7.4,0.55,0.22,2.2,0.106,12,72,0.9959,3.05,0.63,9.2,5,874
red,14,0.41,0.63,3.8,0.089,6,47,1.0014,3.01,0.81,10.8,6,875
red,11.5,0.54,0.71,4.4,0.124,6,15,0.9984,3.01,0.83,11.8,7,876
red,11.5,0.45,0.5,3,0.078,19,47,1.0003,3.26,1.11,11,6,877
red,9.4,0.27,0.53,2.4,0.074,6,18,0.9962,3.2,1.13,12,7,878
red,11.4,0.625,0.66,6.2,0.088,6,24,0.9988,3.11,0.99,13.3,6,879
red,8.3,0.42,0.38,2.5,0.094,24,60,0.9979,3.31,0.7,10.8,6,880
red,8.3,0.26,0.42,2,0.08,11,27,0.9974,3.21,0.8,9.4,6,881
red,13.7,0.415,0.68,2.9,0.085,17,43,1.0014,3.06,0.8,10,6,882
red,8.3,0.26,0.42,2,0.08,11,27,0.9974,3.21,0.8,9.4,6,883
red,8.3,0.26,0.42,2,0.08,11,27,0.9974,3.21,0.8,9.4,6,884
red,7.7,0.51,0.28,2.1,0.087,23,54,0.998,3.42,0.74,9.2,5,885
red,7.4,0.63,0.07,2.4,0.09,11,37,0.9979,3.43,0.76,9.7,6,886
red,7.8,0.54,0.26,2,0.088,23,48,0.9981,3.41,0.74,9.2,6,887
red,8.3,0.66,0.15,1.9,0.079,17,42,0.9972,3.31,0.54,9.6,6,888
red,7.8,0.46,0.26,1.9,0.088,23,53,0.9981,3.43,0.74,9.2,6,889
red,9.6,0.38,0.31,2.5,0.096,16,49,0.9982,3.19,0.7,10,7,890
red,5.6,0.85,0.05,1.4,0.045,12,88,0.9924,3.56,0.82,12.9,8,891
red,13.7,0.415,0.68,2.9,0.085,17,43,1.0014,3.06,0.8,10,6,892
red,9.5,0.37,0.52,2,0.082,6,26,0.998,3.18,0.51,9.5,5,893
red,8.4,0.665,0.61,2,0.112,13,95,0.997,3.16,0.54,9.1,5,894
red,12.7,0.6,0.65,2.3,0.063,6,25,0.9997,3.03,0.57,9.9,5,895
red,12,0.37,0.76,4.2,0.066,7,38,1.0004,3.22,0.6,13,7,896
red,6.6,0.735,0.02,7.9,0.122,68,124,0.9994,3.47,0.53,9.9,5,897
red,11.5,0.59,0.59,2.6,0.087,13,49,0.9988,3.18,0.65,11,6,898
red,11.5,0.59,0.59,2.6,0.087,13,49,0.9988,3.18,0.65,11,6,899
red,8.7,0.765,0.22,2.3,0.064,9,42,0.9963,3.1,0.55,9.4,5,900
red,6.6,0.735,0.02,7.9,0.122,68,124,0.9994,3.47,0.53,9.9,5,901
red,7.7,0.26,0.3,1.7,0.059,20,38,0.9949,3.29,0.47,10.8,6,902
red,12.2,0.48,0.54,2.6,0.085,19,64,1,3.1,0.61,10.5,6,903
red,11.4,0.6,0.49,2.7,0.085,10,41,0.9994,3.15,0.63,10.5,6,904
red,7.7,0.69,0.05,2.7,0.075,15,27,0.9974,3.26,0.61,9.1,5,905
red,8.7,0.31,0.46,1.4,0.059,11,25,0.9966,3.36,0.76,10.1,6,906
red,9.8,0.44,0.47,2.5,0.063,9,28,0.9981,3.24,0.65,10.8,6,907
red,12,0.39,0.66,3,0.093,12,30,0.9996,3.18,0.63,10.8,7,908
red,10.4,0.34,0.58,3.7,0.174,6,16,0.997,3.19,0.7,11.3,6,909
red,12.5,0.46,0.49,4.5,0.07,26,49,0.9981,3.05,0.57,9.6,4,910
red,9,0.43,0.34,2.5,0.08,26,86,0.9987,3.38,0.62,9.5,6,911
red,9.1,0.45,0.35,2.4,0.08,23,78,0.9987,3.38,0.62,9.5,5,912
red,7.1,0.735,0.16,1.9,0.1,15,77,0.9966,3.27,0.64,9.3,5,913
red,9.9,0.4,0.53,6.7,0.097,6,19,0.9986,3.27,0.82,11.7,7,914
red,8.8,0.52,0.34,2.7,0.087,24,122,0.9982,3.26,0.61,9.5,5,915
red,8.6,0.725,0.24,6.6,0.117,31,134,1.0014,3.32,1.07,9.3,5,916
red,10.6,0.48,0.64,2.2,0.111,6,20,0.997,3.26,0.66,11.7,6,917
red,7,0.58,0.12,1.9,0.091,34,124,0.9956,3.44,0.48,10.5,5,918
red,11.9,0.38,0.51,2,0.121,7,20,0.9996,3.24,0.76,10.4,6,919
red,6.8,0.77,0,1.8,0.066,34,52,0.9976,3.62,0.68,9.9,5,920
red,9.5,0.56,0.33,2.4,0.089,35,67,0.9972,3.28,0.73,11.8,7,921
red,6.6,0.84,0.03,2.3,0.059,32,48,0.9952,3.52,0.56,12.3,7,922
red,7.7,0.96,0.2,2,0.047,15,60,0.9955,3.36,0.44,10.9,5,923
red,10.5,0.24,0.47,2.1,0.066,6,24,0.9978,3.15,0.9,11,7,924
red,7.7,0.96,0.2,2,0.047,15,60,0.9955,3.36,0.44,10.9,5,925
red,6.6,0.84,0.03,2.3,0.059,32,48,0.9952,3.52,0.56,12.3,7,926
red,6.4,0.67,0.08,2.1,0.045,19,48,0.9949,3.49,0.49,11.4,6,927
red,9.5,0.78,0.22,1.9,0.077,6,32,0.9988,3.26,0.56,10.6,6,928
red,9.1,0.52,0.33,1.3,0.07,9,30,0.9978,3.24,0.6,9.3,5,929
red,12.8,0.84,0.63,2.4,0.088,13,35,0.9997,3.1,0.6,10.4,6,930
red,10.5,0.24,0.47,2.1,0.066,6,24,0.9978,3.15,0.9,11,7,931
red,7.8,0.55,0.35,2.2,0.074,21,66,0.9974,3.25,0.56,9.2,5,932
red,11.9,0.37,0.69,2.3,0.078,12,24,0.9958,3,0.65,12.8,6,933
red,12.3,0.39,0.63,2.3,0.091,6,18,1.0004,3.16,0.49,9.5,5,934
red,10.4,0.41,0.55,3.2,0.076,22,54,0.9996,3.15,0.89,9.9,6,935
red,12.3,0.39,0.63,2.3,0.091,6,18,1.0004,3.16,0.49,9.5,5,936
red,8,0.67,0.3,2,0.06,38,62,0.9958,3.26,0.56,10.2,6,937
red,11.1,0.45,0.73,3.2,0.066,6,22,0.9986,3.17,0.66,11.2,6,938
red,10.4,0.41,0.55,3.2,0.076,22,54,0.9996,3.15,0.89,9.9,6,939
red,7,0.62,0.18,1.5,0.062,7,50,0.9951,3.08,0.6,9.3,5,940
red,12.6,0.31,0.72,2.2,0.072,6,29,0.9987,2.88,0.82,9.8,8,941
red,11.9,0.4,0.65,2.15,0.068,7,27,0.9988,3.06,0.68,11.3,6,942
red,15.6,0.685,0.76,3.7,0.1,6,43,1.0032,2.95,0.68,11.2,7,943
red,10,0.44,0.49,2.7,0.077,11,19,0.9963,3.23,0.63,11.6,7,944
red,5.3,0.57,0.01,1.7,0.054,5,27,0.9934,3.57,0.84,12.5,7,945
red,9.5,0.735,0.1,2.1,0.079,6,31,0.9986,3.23,0.56,10.1,6,946
red,12.5,0.38,0.6,2.6,0.081,31,72,0.9996,3.1,0.73,10.5,5,947
red,9.3,0.48,0.29,2.1,0.127,6,16,0.9968,3.22,0.72,11.2,5,948
red,8.6,0.53,0.22,2,0.1,7,27,0.9967,3.2,0.56,10.2,6,949
red,11.9,0.39,0.69,2.8,0.095,17,35,0.9994,3.1,0.61,10.8,6,950
red,11.9,0.39,0.69,2.8,0.095,17,35,0.9994,3.1,0.61,10.8,6,951
red,8.4,0.37,0.53,1.8,0.413,9,26,0.9979,3.06,1.06,9.1,6,952
red,6.8,0.56,0.03,1.7,0.084,18,35,0.9968,3.44,0.63,10,6,953
red,10.4,0.33,0.63,2.8,0.084,5,22,0.9998,3.26,0.74,11.2,7,954
red,7,0.23,0.4,1.6,0.063,21,67,0.9952,3.5,0.63,11.1,5,955
red,11.3,0.62,0.67,5.2,0.086,6,19,0.9988,3.22,0.69,13.4,8,956
red,8.9,0.59,0.39,2.3,0.095,5,22,0.9986,3.37,0.58,10.3,5,957
red,9.2,0.63,0.21,2.7,0.097,29,65,0.9988,3.28,0.58,9.6,5,958
red,10.4,0.33,0.63,2.8,0.084,5,22,0.9998,3.26,0.74,11.2,7,959
red,11.6,0.58,0.66,2.2,0.074,10,47,1.0008,3.25,0.57,9,3,960
red,9.2,0.43,0.52,2.3,0.083,14,23,0.9976,3.35,0.61,11.3,6,961
red,8.3,0.615,0.22,2.6,0.087,6,19,0.9982,3.26,0.61,9.3,5,962
red,11,0.26,0.68,2.55,0.085,10,25,0.997,3.18,0.61,11.8,5,963
red,8.1,0.66,0.7,2.2,0.098,25,129,0.9972,3.08,0.53,9,5,964
red,11.5,0.315,0.54,2.1,0.084,5,15,0.9987,2.98,0.7,9.2,6,965
red,10,0.29,0.4,2.9,0.098,10,26,1.0006,3.48,0.91,9.7,5,966
red,10.3,0.5,0.42,2,0.069,21,51,0.9982,3.16,0.72,11.5,6,967
red,8.8,0.46,0.45,2.6,0.065,7,18,0.9947,3.32,0.79,14,6,968
red,11.4,0.36,0.69,2.1,0.09,6,21,1,3.17,0.62,9.2,6,969
red,8.7,0.82,0.02,1.2,0.07,36,48,0.9952,3.2,0.58,9.8,5,970
red,13,0.32,0.65,2.6,0.093,15,47,0.9996,3.05,0.61,10.6,5,971
red,9.6,0.54,0.42,2.4,0.081,25,52,0.997,3.2,0.71,11.4,6,972
red,12.5,0.37,0.55,2.6,0.083,25,68,0.9995,3.15,0.82,10.4,6,973
red,9.9,0.35,0.55,2.1,0.062,5,14,0.9971,3.26,0.79,10.6,5,974
red,10.5,0.28,0.51,1.7,0.08,10,24,0.9982,3.2,0.89,9.4,6,975
red,9.6,0.68,0.24,2.2,0.087,5,28,0.9988,3.14,0.6,10.2,5,976
red,9.3,0.27,0.41,2,0.091,6,16,0.998,3.28,0.7,9.7,5,977
red,10.4,0.24,0.49,1.8,0.075,6,20,0.9977,3.18,1.06,11,6,978
red,9.6,0.68,0.24,2.2,0.087,5,28,0.9988,3.14,0.6,10.2,5,979
red,9.4,0.685,0.11,2.7,0.077,6,31,0.9984,3.19,0.7,10.1,6,980
red,10.6,0.28,0.39,15.5,0.069,6,23,1.0026,3.12,0.66,9.2,5,981
red,9.4,0.3,0.56,2.8,0.08,6,17,0.9964,3.15,0.92,11.7,8,982
red,10.6,0.36,0.59,2.2,0.152,6,18,0.9986,3.04,1.05,9.4,5,983
red,10.6,0.36,0.6,2.2,0.152,7,18,0.9986,3.04,1.06,9.4,5,984
red,10.6,0.44,0.68,4.1,0.114,6,24,0.997,3.06,0.66,13.4,6,985
red,10.2,0.67,0.39,1.9,0.054,6,17,0.9976,3.17,0.47,10,5,986
red,10.2,0.67,0.39,1.9,0.054,6,17,0.9976,3.17,0.47,10,5,987
red,10.2,0.645,0.36,1.8,0.053,5,14,0.9982,3.17,0.42,10,6,988
red,11.6,0.32,0.55,2.8,0.081,35,67,1.0002,3.32,0.92,10.8,7,989
red,9.3,0.39,0.4,2.6,0.073,10,26,0.9984,3.34,0.75,10.2,6,990
red,9.3,0.775,0.27,2.8,0.078,24,56,0.9984,3.31,0.67,10.6,6,991
red,9.2,0.41,0.5,2.5,0.055,12,25,0.9952,3.34,0.79,13.3,7,992
red,8.9,0.4,0.51,2.6,0.052,13,27,0.995,3.32,0.9,13.4,7,993
red,8.7,0.69,0.31,3,0.086,23,81,1.0002,3.48,0.74,11.6,6,994
red,6.5,0.39,0.23,8.3,0.051,28,91,0.9952,3.44,0.55,12.1,6,995
red,10.7,0.35,0.53,2.6,0.07,5,16,0.9972,3.15,0.65,11,8,996
red,7.8,0.52,0.25,1.9,0.081,14,38,0.9984,3.43,0.65,9,6,997
red,7.2,0.34,0.32,2.5,0.09,43,113,0.9966,3.32,0.79,11.1,5,998
red,10.7,0.35,0.53,2.6,0.07,5,16,0.9972,3.15,0.65,11,8,999
red,8.7,0.69,0.31,3,0.086,23,81,1.0002,3.48,0.74,11.6,6,1000
